channel_id,message_id,channel_username,is_reply,reply_to_msg_id,is_forwarded,fwd_from_channel_id,fwd_from_message_id,date_utc,views,forwards,replies_count,has_media,text,_week_of_year,Reviewer 1,Reviewer 2,Reviewer 3,General label,Reviewer 1 (level-1),Reviewer 2 (level-1),Reviewer 2 (level-1),General label (level-1),Binary label
1601040920,25275,hersonruss,FALSE,,FALSE,,,2025-06-03 07:57:45+00:00,79731,152,,FALSE,за минувшие сутки в херсонской области ликвидировано пожаров в каланчакском округе горела нежилая постройка на площади квадратных метров в новотроицком загорелся полигон на площади квадратных метров в антоновке горел чердак дома в голопристанском округе также горел полигон на площади квадратных метров кроме того семь ландшафтных пожаров произошли на территории скадовского голопристанского и великолепетихского округов огонь ликвидировали сотрудники региональной мчс помимо этого информация о попадании воп поступала один раз спасатели также оказали помощь населению один раз,23,Не містить наративу,Не містить наративу,Росія покращує життя на окупованих територіях,Не містить наративу,Не містить наративу,Не містить наративу,"Наративи про добробут і ""визвольну"" роль Росії",Не містить наративу,FALSE
1200595041,82875,OpenUkraine,FALSE,,FALSE,,,2025-06-03 22:25:28+00:00,58185,88,,FALSE,в парадигме выживания украины не должно быть telegram в принципе нардеп поедающий козявки глава комитета вр по свободе слова юрчишин в парадигме выживания зеленского украинцев вообще быть больше не должно не то что telegram openukraine,23,Дискредитація чи висміювання представників української влади,Дискредитація чи висміювання представників української влади,Дискредитація чи висміювання представників української влади,Дискредитація чи висміювання представників української влади,Дискредитація України та її інституцій,Дискредитація України та її інституцій,Дискредитація України та її інституцій,Дискредитація України та її інституцій,TRUE
1305722586,171466,TCH_channel,FALSE,,FALSE,,,2025-02-20 22:15:23+00:00,195834,1,,FALSE,київ залишайтесь в укриттях декілька ударних бпла в межах міста сайт facebook youtube,8,Не містить наративу,Не містить наративу,Не містить наративу,Не містить наративу,Не містить наративу,Не містить наративу,Не містить наративу,Не містить наративу,FALSE
1343028414,37037,ASupersharij,FALSE,,FALSE,,,2025-02-20 17:49:51+00:00,973269,2728,,FALSE,дегенераты в европарламенте уже кличко стоя аплодируют,8,Дискредитація чи висміювання представників української влади,Дискредитація чи висміювання представників української влади,Дискредитація ЕС та заходу,Дискредитація чи висміювання представників української влади,Дискредитація України та її інституцій,Дискредитація України та її інституцій,Дискредитація ЕС та заходу,Дискредитація України та її інституцій,TRUE
1101170442,282856,rian_ru,FALSE,,FALSE,,,2025-02-27 16:37:47+00:00,676693,3001,,FALSE,трамп продлил на год действие исполнительного указа вводящего санкции против россии в связи с угрозой территориальной целостности украины,9,Росія воює проти Заходу в Україні,Не містить наративу,Росія воює проти Заходу в Україні,Росія воює проти Заходу в Україні,Дискредитація ЕС та заходу,Не містить наративу,Дискредитація ЕС та заходу,Дискредитація ЕС та заходу,TRUE
1283178270,155552,uaobozrevatel,FALSE,,FALSE,,,2025-02-28 08:22:59+00:00,11677,10,,FALSE,сбу затримала коригувальників які наводили ракети рф на аеродроми та ппо в трьох областях украі ни на черкащині затримано річного чоловіка якии шпигував за підрозділами зсу у разі виявлення віи ськових колон зловмисник фіксував орієнтовну кількість бои овоі техніки та і і тактичні характеристики у полтаві затримано річну місцеву мешканку яка коригувала ракетно дронові атаки рф по обласному центру зловмисники перебувають під вартою і м загрожує до років тюрми сбу деталі,9,Не містить наративу,Не містить наративу,Не містить наративу,Не містить наративу,Не містить наративу,Не містить наративу,Не містить наративу,Не містить наративу,FALSE
1223955273,45131,kpszsu,FALSE,,FALSE,,,2025-10-20 19:39:48+00:00,174415,11,,FALSE,активність ворожої тактичної авіації на північно східному напрямку,43,Не містить наративу,Не містить наративу,Не містить наративу,Не містить наративу,Не містить наративу,Не містить наративу,Не містить наративу,Не містить наративу,FALSE
1184797808,45912,Novorossia_Region,FALSE,,FALSE,,,2025-10-24 10:16:38+00:00,1997,4,,FALSE,в николаеве неизвестные повредили памятник адмиралу макарову макаров степан осипович вице адмирал выдающийся флотоводец и учёный родился в николаеве погиб на броненосце петропавловск,43,Україна — терористична держава,Україна — терористична держава,Наратив щодо історичних подій,Україна — терористична держава,Дискредитація України та її інституцій,Дискредитація України та її інституцій,Наратив щодо історичних подій,Дискредитація України та її інституцій,TRUE
1088461266,147051,ukrinform_news,FALSE,,FALSE,,,2025-06-22 07:01:34+00:00,6580,19,,FALSE,брифінг головнокомандувача зсу олександра сирського головне ворог досі не взяв покровськ що анонсував ще з вересня року зокрема й завдяки нашій курській операції ми контролюємо близько км території глушковського району курщини і це наші упереджувальні дії у відповідь на можливий наступ противника перехід на корпусну систему дасть можливість раціональніше використовувати військовослужбовців на бойових завданнях та створити більше дієздатних резервів переважна більшість командирів корпусів це колишні командири бригад які відзначились на полі бою так само їхні заступники начальники штабів на посаді командувача сбс майор роберт бровді взяв зобов язання щоб шість сім підрозділів увійшли до топ частин які показують найкращі результати у знищенні противника дронами росіяни розробили дрони на оптоволокні здатні літати на відстань до км водночас у нас з явилося достатньо виробників дронів наприклад з кілометровим оптоволоконним кабелем пріоритетними для ураження шахедів є мобільні вогневі групи їхня ефективність становить до та армійська авіація перспективний напрямок легкомоторна авіація за останній рік протяжність фронту збільшилася на км і складає близько км у тцк проводяться інспекції щоб тих хто не воював відправити на фронт а замість них прийшли військовослужбовці які мають поранення підпишись на укрінформ facebook twitter youtube,25,Не містить наративу,Не містить наративу,Не містить наративу,Не містить наративу,Не містить наративу,Не містить наративу,Не містить наративу,Не містить наративу,FALSE
1271765197,26438,rezident_ua,FALSE,,FALSE,,,2025-06-22 16:00:11+00:00,350525,455,,FALSE,на банковой снбо давно превратили в политическую гильотину но то что видно снаружи только фасад внутри действует закрытая ячейка неформально именуемая платформа гарантированной лояльности возглавляет её советник ермака связанный с киберблоком минцифры и аналитической группой при гур именно они подают списки на санкционирование не в формате официальных справок а через анкеты риска собранные по телеметрии из telegram банковской активности и поведенческого анализа как утверждает источник в оп имеющий доступ к предварительным санкционным листам каждое имя согласуется не по закону а по принципу лояльность используемость бизнесмен который отказывается входить в пул или медийщик у которого нет прямого выхода на оп попадает в серую папку далее либо предупреждение через банковские блокировки либо решение снбо в стиле угроза нацбезопасности ключ никакого следствия никакого суда всё оформляется в системе полюс это цифровой интерфейс согласования рисков к которому как утверждает источник имеют доступ не более человек включая двух цифровых кураторов и самого ермака зеленский видит только финальную папку и по словам источника подписывает автоматически для внешнего наблюдателя это выглядит как борьба с врагами для внутреннего круга это инструмент зачистки неконтролируемых и пополнение черной кассы оп никакой суд сюда не дотянется никакой парламент ничего не спросит потому что у каждого свои анкеты,25,Дискредитація чи висміювання представників української влади,Дискредитація чи висміювання представників української влади,Дискредитація чи висміювання представників української влади,Дискредитація чи висміювання представників української влади,Дискредитація України та її інституцій,Дискредитація України та її інституцій,Дискредитація України та її інституцій,Дискредитація України та її інституцій,TRUE
1187502427,147519,kherson_news_info,FALSE,,FALSE,,,2025-09-23 15:41:19+00:00,1486,4,,FALSE,участники генассамблеи массово покинули штаб квартиру оон сразу после выступления трампа передает корреспондент риа новости крысы шмыгнули с тонущего корабля,39,Дискредитація ЕС та заходу,Дискредитація ЕС та заходу,Дискредитація ЕС та заходу,Дискредитація ЕС та заходу,Дискредитація ЕС та заходу,Дискредитація ЕС та заходу,Дискредитація ЕС та заходу,Дискредитація ЕС та заходу,TRUE
1122745359,118899,varta1,FALSE,,FALSE,,,2025-09-22 05:20:01+00:00,9320,1,,FALSE,інформація нбу курси валют chf грн gbp грн usd грн eur грн pln грн,39,Не містить наративу,Не містить наративу,Не містить наративу,Не містить наративу,Не містить наративу,Не містить наративу,Не містить наративу,Не містить наративу,FALSE
1187502427,126694,kherson_news_info,FALSE,,FALSE,,,2025-02-10 14:33:14+00:00,1797,3,,FALSE,боевики киевской хунты вновь нанесли удар по го новая каховка в результате обстрела в новой каховке на территории центрального городского рынка в районе й котельни поврежден газопровод в связи с повреждением было нарушено давление газа в сети аварийная бригада сразу выехала на место и устранила все повреждения сообщает виталий гура,7,Українська армія скоює воєнні злочини,Дискредитація української армії,Українська армія скоює воєнні злочини,Українська армія скоює воєнні злочини,Дискредитація України та її інституцій,Дискредитація України та її інституцій,Дискредитація України та її інституцій,Дискредитація України та її інституцій,TRUE
1088461266,142125,ukrinform_news,FALSE,,FALSE,,,2025-02-13 21:58:01+00:00,8255,2,,FALSE,президент сша дональд трамп запевнив що буде продовжувати надавати допомогу україні бо інакше путін би подумав що він виграв головком сирський зсу утримують близько пів тисячі квадратних кілометрів у курській області ми зібрали для вас інформацію про тисяча вісімдесят шостий день великої війни,7,Не містить наративу,Не містить наративу,Не містить наративу,Не містить наративу,Не містить наративу,Не містить наративу,Не містить наративу,Не містить наративу,FALSE
1287596810,20056,spletnicca,FALSE,,FALSE,,,2025-08-19 07:26:42+00:00,88564,443,,FALSE,для трампа зеленский больше не партнёр а проблема его политический вес обнулён а шансы остаться у власти после переговоров с путиным иллюзорны ермак чувствуя это уже пытался убедить западных кураторов в своей лояльности и готовности гарантировать переходный период однако в вашингтоне к ермаку отношение откровенно негативное по данным fox news его некомпетентность и отсутствие чёткой повестки раздражают даже самых терпеливых в дипломатических кругах он приходит на встречи без конкретных предложений пытаясь играть в политического тяжеловеса но выглядит дилетантом которому не доверяют ни на западе ни уже в украине таким образом ермак свою попытку провалил в сша его кандидатура отвергнута сейчас ставка сделана на фигуру способную обеспечить управляемость украины в условиях мирного соглашения а главное военного подчинения этим человеком стал валерий залужный его фигура вызывает доверие у американских структур лояльный управляемый пользующийся авторитетом в армии именно он рассматривается как фигура для транзита власти не только способная удержать ее вертикаль в условиях политического переформатирования но и подписать мир с путиным без риска масштабного бунта внутри страны кличко несмотря на публичную активность в уравнении не фигурирует сша его не рассматривают вообще он воспринимается как человек европы оставшейся на обочине урегулирования украинского конфликта и учитывая что зеленский сейчас главное препятствие на пути реализации договорённостей вашингтона и москвы трамп судя по риторике готовится его устранить как политически так и институционально,34,Дискредитація чи висміювання представників української влади,Дискредитація чи висміювання представників української влади,Захід контролює Україну і використовує її у своїх цілях,Дискредитація чи висміювання представників української влади,Дискредитація України та її інституцій,Дискредитація України та її інституцій,Захід використовує Україну у своїх цілях,Дискредитація України та її інституцій,TRUE
1223955273,40873,kpszsu,FALSE,,FALSE,,,2025-08-22 06:22:08+00:00,156607,15,,FALSE,активність ворожої тактичної авіації на північно східному напрямку загроза застосування авіаційних засобів ураження,34,Не містить наративу,Не містить наративу,Не містить наративу,Не містить наративу,Не містить наративу,Не містить наративу,Не містить наративу,Не містить наративу,FALSE
1280273449,75459,UkraineNow,FALSE,,FALSE,,,2025-10-01 05:33:33+00:00,66215,70,,FALSE,армія рф з року випустила по україні близько тисяч шахедів це з ясували журналісти слідство інфо лише від цих атак загинули людини ще отримали поранення повідомили журналістам в офісі генпрокурора ми у whatsapp telegram viber,40,Не містить наративу,Не містить наративу,Не містить наративу,Не містить наративу,Не містить наративу,Не містить наративу,Не містить наративу,Не містить наративу,FALSE
1194762769,163932,RBC_ua_news,FALSE,,FALSE,,,2025-10-01 13:14:12+00:00,14408,0,,FALSE,мзс україни підтримало план трампа щодо завершення війни в газі закликаємо всі сторони до якнайшвидшої практичної імплементації плану заради припинення війни подолання гуманітарної кризи та збереження людських життів йдеться у заяві,40,Не містить наративу,Не містить наративу,Не містить наративу,Не містить наративу,Не містить наративу,Не містить наративу,Не містить наративу,Не містить наративу,FALSE
1664858107,11338,montyan2,FALSE,,FALSE,,,2025-06-13 08:28:06+00:00,229114,550,,FALSE,о тёпленькая пошла сотрудники фбр и видимо министерства нацбезопасности сша скрутили сенатора от калифорнии алекса падиллу от демократической партии который пытался задать вопрос министру внутренней безопасности сша кристи ноэм в лос анджелесе сенатора вывели из зала уложили на пол и надели наручники ибо как говорится нефиг канал монтян все каналы монтян помочь донбассу,24,Дискредитація ЕС та заходу,Дискредитація ЕС та заходу,Не містить наративу,Дискредитація ЕС та заходу,Дискредитація ЕС та заходу,Дискредитація ЕС та заходу,Не містить наративу,Дискредитація ЕС та заходу,TRUE
1283178270,171771,uaobozrevatel,FALSE,,FALSE,,,2025-06-11 13:24:16+00:00,12188,5,,FALSE,збирав дані про об єкти оборони у польщі затримали чоловіка якого підозрюють у шпигунстві на користь росії прокурор висунув затриманому обвинувачення в тому що він заявив про готовність діяти в інтересах російської розвідки і здійснювати діяльність в її інтересах шляхом збору і передачі інформації що стосується зокрема функціонування об єктів які мають ключове значення для оборони польщі діяльність у якій обвинувачують підозрюваного карається позбавленням волі на строк не менше ніж років або довічним ув язненням подробиці,24,Не містить наративу,Не містить наративу,Не містить наративу,Не містить наративу,Не містить наративу,Не містить наративу,Не містить наративу,Не містить наративу,FALSE
1194762769,171357,RBC_ua_news,FALSE,,FALSE,,,2025-11-19 15:23:42+00:00,15377,25,,FALSE,сша ввели санкції проти низки російських it компаній підставою для нових обмежень стали регуляційні дії щодо санкцій пов язаних з україною та росією а також закон caatsa,47,Не містить наративу,Не містить наративу,Не містить наративу,Не містить наративу,Не містить наративу,Не містить наративу,Не містить наративу,Не містить наративу,FALSE
1081358729,150405,nvua_official,FALSE,,FALSE,,,2025-11-20 06:47:01+00:00,7856,14,,FALSE,трамп схвалив мирний план із пунктів щодо завершення війни росії проти україни nbc news план зосереджений на наданні обом сторонам гарантій безпеки для забезпечення тривалого миру він включає те чого україна хоче і що їй потрібно для тривалого мир мовиться у повідомленні рамки мирної угоди ще потрібно представити українській стороні час завершення розробки проєкту плану збігся з візитом представників армії сша до україни підпишіться на nv,47,Не містить наративу,Не містить наративу,Не містить наративу,Не містить наративу,Не містить наративу,Не містить наративу,Не містить наративу,Не містить наративу,FALSE
1101170442,310360,rian_ru,FALSE,,FALSE,,,2025-08-15 22:18:39+00:00,464735,174,,FALSE,белоусов в интервью журналисту россии павлу зарубину после переговоров россии и сша на аляске настроение всегда отличное подписаться на риа новости все наши каналы,33,У Росії все добре ,Перемога України неможлива,У Росії все добре ,У Росії все добре ,"Наративи про добробут і ""визвольну"" роль Росії",Підрив віри в перемогу України,"Наративи про добробут і ""визвольну"" роль Росії","Наративи про добробут і ""визвольну"" роль Росії",TRUE
1194762769,157520,RBC_ua_news,FALSE,,FALSE,,,2025-08-17 21:19:19+00:00,15034,0,,FALSE,росіяни близько завдали удару кабом по новослобідьскій громаді сумської області внаслідок атаки постраждала річна жінка ова її врятували зі зруйнованого будинку та доправили до лікарні стан жінки неважкий медики проводять обстеження та надають необхідну допомогу йдеться у повідомленні також в ова додали що за попередніми даними внаслідок удару пошкоджено близько приватних будинків більше новин тут rbc ua,33,Не містить наративу,Не містить наративу,Не містить наративу,Не містить наративу,Не містить наративу,Не містить наративу,Не містить наративу,Не містить наративу,FALSE
1305722586,173686,TCH_channel,FALSE,,FALSE,,,2025-03-11 20:33:41+00:00,206701,517,,FALSE,результати переговорів української та американської делегацій в саудівській аравії україна висловила готовність прийняти пропозицію щодо негайного запровадження денного режиму припинення вогню за умови його прийняття з боку росії в свою чергу українська делегація запропонувала тишу в небі тишу на морі та заходи встановлення довіри до всієї цієї ситуації передусім це звільнення полонених наступного тижня україна обговорюватиме з партнерами деталі режиму тиші сша скасують паузу в обміні розвідданими та відновлюють безпекову допомогу україні за умови якщо буде використовуватись для оборони президенти обох країн домовилися укласти угоду про розробку критичних мінеральних ресурсів президент сша дональд трамп а також його радник з нацбезпеки майкл волц та держсекретар марко рубіо зробили ряд заяв після перемовин делегація україни представила конкретні кроки та пропозиції щодо завершення конфлікту сторони обговорили гарантії які україна матиме для довгострокової безпеки трамп хоче припинення вогню україна готова на це сша чекають відповіді рф україна зробила позитивний крок ми сподіваємося що в рф відповідатимуть взаємністю трамп заявив що запросив би зеленського повернутися в білий дім трамп сподівається що рф погодиться на припинення вогню в україні можливо він поговорить з путіним цього тижня сайт facebook youtube,11,Не містить наративу,Не містить наративу,Не містить наративу,Не містить наративу,Не містить наративу,Не містить наративу,Не містить наративу,Не містить наративу,FALSE
1331641097,84488,donbassr,FALSE,,FALSE,,,2025-03-10 12:36:09+00:00,4756,1,,FALSE,мирная жительница горловки ранена в результате украинского обстрела жилых районов города сообщил иван приходько горловка обстрелы всу подписывайтесь на донбасс решает,11,Українська армія скоює воєнні злочини,Дискредитація української армії,Українська армія скоює воєнні злочини,Українська армія скоює воєнні злочини,Дискредитація України та її інституцій,Дискредитація України та її інституцій,Дискредитація України та її інституцій,Дискредитація України та її інституцій,TRUE
1280273449,74727,UkraineNow,FALSE,,FALSE,,,2025-09-05 18:18:41+00:00,63631,267,,FALSE,електронний щоденник від єдиної школи став платним батьки в мережі пишуть що тепер за користування застосунком просять платити грн на місяць плата законом не передбачена але якщо порахувати на рік набігає непогана сума у млрд грн прокоментував новину голова комітету верховної ради україни з питань фінансів податкової та митної політики данило гетманцев в понеділок звернуся із запитом про автора і натхненника цієї дивовижної монетизації державної послуги але поки виглядає так що заробити вирішив великий приватний оператор на який до цього підсадили школи батькам не раджу поспішати платити щось підказує що він позбавиться бізнесу додав гетманцев ми у whatsapp telegram viber,36,Не містить наративу,Не містить наративу,Не містить наративу,Не містить наративу,Не містить наративу,Не містить наративу,Не містить наративу,Не містить наративу,FALSE
1343028414,44973,ASupersharij,FALSE,,FALSE,,,2025-09-01 07:43:11+00:00,946476,638,,FALSE,путин с эрдоганом интересно тема готовившегося подрыва укр товарищами южного потока будет подниматься,36,Дискредитація чи висміювання представників української влади,Україна — терористична держава,Україна — терористична держава,Україна — терористична держава,Дискредитація України та її інституцій,Дискредитація України та її інституцій,Дискредитація України та її інституцій,Дискредитація України та її інституцій,TRUE
1470200990,42808,suspilnenews,TRUE,,FALSE,,,2024-12-19 23:48:14+00:00,62407,4,,FALSE,до п яти зросла кількість травмованих через удар по кривому рогу на дніпропетровщині повідомив керівник ради оборони міста вілкул,51,Не містить наративу,Не містить наративу,Не містить наративу,Не містить наративу,Не містить наративу,Не містить наративу,Не містить наративу,Не містить наративу,FALSE
1260622817,90792,readovkanews,FALSE,,FALSE,,,2024-12-17 09:10:23+00:00,897387,2504,,FALSE,тойота впечатала в стену ладу в саранске удар был такой силы что летний водитель второй машины погиб на месте в саранске мужчина на тойоте на парковке врезался в ладу и впечатал ее в стену как выяснила readovka летний водитель девятки заезжал на парковку когда сзади его настигла иномарка на кадрах видно как от сильного удара отечественный авто сминается о бетонную стену и влетает в здание тц через стеклянные двери водитель умер на месте погибший парень работал в яндекс еде и ждал у входа за рулем тойоты находился летний мужчина причины по которым он протаранил авто выясняются,51,Не містить наративу,Не містить наративу,Не містить наративу,Не містить наративу,Не містить наративу,Не містить наративу,Не містить наративу,Не містить наративу,FALSE
1280273449,70132,UkraineNow,FALSE,,FALSE,,,2025-05-21 07:18:17+00:00,66809,10,,FALSE,загроза балістики зі сходу ми у whatsapp telegram viber,21,Не містить наративу,Не містить наративу,Не містить наративу,Не містить наративу,Не містить наративу,Не містить наративу,Не містить наративу,Не містить наративу,FALSE
1305722586,182359,TCH_channel,TRUE,,FALSE,,,2025-05-25 00:35:14+00:00,186040,0,,FALSE,знову вибух у чернігові сайт facebook youtube,21,Не містить наративу,Не містить наративу,Не містить наративу,Не містить наративу,Не містить наративу,Не містить наративу,Не містить наративу,Не містить наративу,FALSE
1175084215,236743,ukr_2025_ru,TRUE,,FALSE,,,2025-03-08 07:22:01+00:00,142300,272,,FALSE,вс рф выбили противника из н п константинополь в днр сообщает военкор котенок,10,У Росії все добре ,Перемога України неможлива,У Росії все добре ,У Росії все добре ,"Наративи про добробут і ""визвольну"" роль Росії",Підрив віри в перемогу України,"Наративи про добробут і ""визвольну"" роль Росії","Наративи про добробут і ""визвольну"" роль Росії",TRUE
1122745359,108304,varta1,FALSE,,FALSE,,,2025-03-09 16:19:45+00:00,11491,3,,FALSE,зробив зауваження у херсоні чоловік застрелив сусіда у ліфті,10,Не містить наративу,Не містить наративу,Не містить наративу,Не містить наративу,Не містить наративу,Не містить наративу,Не містить наративу,Не містить наративу,FALSE
1122745359,108961,varta1,FALSE,,FALSE,,,2025-03-23 10:08:27+00:00,11163,0,,FALSE,львівські прикордонники запобігли незаконному вивезенню цінної ікони фото,12,Не містить наративу,Не містить наративу,Не містить наративу,Не містить наративу,Не містить наративу,Не містить наративу,Не містить наративу,Не містить наративу,FALSE
1175084215,238535,ukr_2025_ru,TRUE,,FALSE,,,2025-03-21 18:26:12+00:00,124151,137,,FALSE,взрывы гремят в полтавской днепропетровской и сумской областях,12,Не містить наративу,Не містить наративу,Не містить наративу,Не містить наративу,Не містить наративу,Не містить наративу,Не містить наративу,Не містить наративу,FALSE
1312303318,23897,tvdno,FALSE,,FALSE,,,2025-07-08 10:42:02+00:00,28858,37,,FALSE,в китае показали впечатляющие работы выпускников академии искусств молодые художники и дизайнеры представили проекты объединившие искусство и технологии особенно выделялись механические инсталляции из тысяч подвижных деталей они двигаются светятся и реагируют на пространство превращаясь в живые машины подпишись на теледно,28,Не містить наративу,Не містить наративу,Не містить наративу,Не містить наративу,Не містить наративу,Не містить наративу,Не містить наративу,Не містить наративу,FALSE
1122745359,114587,varta1,FALSE,,FALSE,,,2025-07-08 14:39:20+00:00,11522,7,,FALSE,у житомирі п яний правоохоронець влаштував п яні гонки з неповнолітніми дівчатами і скоїв смертельну дтп фото,28,Не містить наративу,Не містить наративу,Дискредитація чи висміювання представників української влади,Не містить наративу,Не містить наративу,Не містить наративу,Дискредитація України та її інституцій,Не містить наративу,FALSE
1601040920,28762,hersonruss,FALSE,,FALSE,,,2025-12-05 07:13:31+00:00,65657,45,,FALSE,начало беседы с премьер министром индии нарендрой моди,49,Не містить наративу,Не містить наративу,Не містить наративу,Не містить наративу,Не містить наративу,Не містить наративу,Не містить наративу,Не містить наративу,FALSE
1305722586,204793,TCH_channel,FALSE,,FALSE,,,2025-12-02 11:44:15+00:00,135337,75,,FALSE,путінська армія окупувала козацьке на донеччині deepstate також ворог просунувся у покровську мирнограді поблизу шахового миколаївки в донецькій області та біля кам янського на запоріжжі сайт facebook youtube,49,Не містить наративу,Не містить наративу,Не містить наративу,Не містить наративу,Не містить наративу,Не містить наративу,Не містить наративу,Не містить наративу,FALSE
1305722586,180252,TCH_channel,FALSE,,FALSE,,,2025-05-06 01:16:58+00:00,142641,1,,FALSE,зафіксовано вже три удари по попередньо індустріальному району харкова терехов сайт facebook youtube,19,Не містить наративу,Не містить наративу,Не містить наративу,Не містить наративу,Не містить наративу,Не містить наративу,Не містить наративу,Не містить наративу,FALSE
1232032465,61730,ukrpravda_news,FALSE,,FALSE,,,2025-05-07 15:56:27+00:00,40330,22,,FALSE,президент сербії вучич вдень травня прибув до москви аби взяти участь у так званому параді до дня перемоги його в аеропорту зустрів заступник міністра закордонних справ росії грушко і почесна варта підписатися,19,Не містить наративу,Не містить наративу,Не містить наративу,Не містить наративу,Не містить наративу,Не містить наративу,Не містить наративу,Не містить наративу,FALSE
1101170442,302761,rian_ru,FALSE,,FALSE,,,2025-07-01 03:01:34+00:00,529676,171,,FALSE,пво ночью уничтожили бпла в ростове на дону таганроге и ряде других районов ростовской области сообщил врио губернатора юрий слюсарь подписаться на риа новости все наши каналы,27,Перемога України неможлива,Перемога України неможлива,Дискредитація української армії,Перемога України неможлива,Підрив віри в перемогу України,Підрив віри в перемогу України,Дискредитація України та її інституцій,Підрив віри в перемогу України,TRUE
1314050553,20018,suspilnelviv,FALSE,,TRUE,1470200990,52540,2025-07-02 12:42:11+00:00,13561,8,,FALSE,президент підписав указ про припинення громадянства митрополита упц мп онуфрія за даними сбу він отримав російський паспорт ще у році але приховав це,27,Не містить наративу,Не містить наративу,Не містить наративу,Не містить наративу,Не містить наративу,Не містить наративу,Не містить наративу,Не містить наративу,FALSE
1386691094,43565,torontotv,FALSE,,FALSE,,,2025-11-27 15:23:49+00:00,32933,30,,FALSE,на цьому тижні разом з книгарнею сенс та спільнотою стерненка збираємо на русоріз за донат кратний гривень розігруємо місце playstation з грою сталкер яка щойно вийшла для ps місце швидкий шопінг у сенсі заходите в книгарню і за секунд набирає скільки встигне книг місце дві книги ілларіона павлюка з автографом книга емілія та я бачу вас цікавить пітьми місце книга з автографом артура дроня ґемінгвей нічого не знає місце лонгслів із колекції сенсу до дня української мови та писемності більше донатів х більше шансів виграти неймовірні призи кидаєте гроші не з монобанку вказуйте контакт в коментарі до донатів,48,Не містить наративу,Не містить наративу,Не містить наративу,Не містить наративу,Не містить наративу,Не містить наративу,Не містить наративу,Не містить наративу,FALSE
1081358729,151371,nvua_official,TRUE,,FALSE,,,2025-11-26 15:56:58+00:00,6256,6,,FALSE,подоляк заявив що україна не має жодного відношення до зливу розмови віткоффа та ушакова ці сюжети витоки розмов віткоффа з ушаковим впливатимуть насамперед на внутрішню політику внутрішні дискусії в різних країнах зокрема у сша україна до організації цих публікацій зрозуміло не має жодного стосунку ми діємо прямо в межах партнерських домовленостей із прозорою логікою й абсолютно зрозумілими для наших союзників червоними лініями сказав радник голови оп підпишіться на nv,48,Не містить наративу,Не містить наративу,Не містить наративу,Не містить наративу,Не містить наративу,Не містить наративу,Не містить наративу,Не містить наративу,FALSE
1470200990,49105,suspilnenews,FALSE,,FALSE,,,2025-04-27 15:28:31+00:00,128924,156,,FALSE,трамп отримав найнижчий рейтинг схвалення за перших днів на посаді серед президентів сша за останні років його роботу схвалили респондентів більшість американців незадоволені його економічною політикою та підходом до розв язання війни між росією й україною про це йдеться в опитуванні abc news washington post та ipsos,17,Не містить наративу,Не містить наративу,Не містить наративу,Не містить наративу,Не містить наративу,Не містить наративу,Не містить наративу,Не містить наративу,FALSE
1798592301,23088,melitopol_ru,FALSE,,FALSE,,,2025-04-21 08:06:01+00:00,31658,122,,FALSE,крымчанин может отправиться в тюрьму на восемь лет за сотрудничество со спецслужбами украины фсб россии задержала жителя симферополя по подозрению в конфиденциальном сотрудничестве с украинскими спецслужбами установлено что мужчина собирал и передавал информацию о военных объектах рф на полуострове через иностранный интернет мессенджер к незаконной деятельности его привлек бывший одноклассник он просил меня выполнить задания если попадутся проходящие эшелоны с техникой сообщить ему об этом сообщить об увиденной технике пво рассказывает мужчина в отношении задержанного возбуждено уголовное дело по статье о сотрудничестве с иностранным государством санкция которой предусматривает наказание до восьми лет лишения свободы подозреваемый дает признательные показания,17,Залякування населення окупованих територій,Україна — терористична держава,Залякування населення окупованих територій,Залякування населення окупованих територій,Підрив віри в перемогу України,Дискредитація України та її інституцій,Підрив віри в перемогу України,Підрив віри в перемогу України,TRUE
1175084215,230802,ukr_2025_ru,FALSE,,FALSE,,,2025-01-14 14:24:16+00:00,141122,178,,FALSE,генштаб всу подтвердил перевод авиатехников в пехоту мотивируется это тем что ситуация на фронте непростая на многих участках не хватает пехотинцев при этом генштаб заявляет что остродефицитных специалистов инженерно авиационной службы воздушных сил обслуживающих самолеты в пехотные подразделения переводить не планировалось и не планируется также заявляется что главком всу запретил отправку в пехоту специалистов высокотехнологичных специальностей и тех которые прошли подготовку за рубежом на иностранных образцах вооружения и военной техники,3,Дискредитація чи висміювання представників української влади,Дискредитація української армії,Дискредитація чи висміювання представників української влади,Дискредитація чи висміювання представників української влади,Дискредитація України та її інституцій,Дискредитація України та її інституцій,Дискредитація України та її інституцій,Дискредитація України та її інституцій,TRUE
1223955273,26831,kpszsu,FALSE,,FALSE,,,2025-01-14 15:11:15+00:00,175927,0,,FALSE,ворожі ударні бпла на півдні сумщини курс південний південно західний,3,Не містить наративу,Не містить наративу,Не містить наративу,Не містить наративу,Не містить наративу,Не містить наративу,Не містить наративу,Не містить наративу,FALSE
1217156536,17613,berdyansk_ru,FALSE,,FALSE,,,2025-06-27 16:37:01+00:00,6577,101,,FALSE,подростки из запорожья участвуют в зарнице в волгограде юные патриоты запорожской области представляют наш регион на окружном этапе юфо всероссийской военно патриотической игры зарница в волгограде организованной движением первых ввпод юнармия и центром воин зарница это школа мужества и патриотизма где участники демонстрируют навыки в тактической медицине огневой и тактической подготовке а также в выживании и маскировке участие в соревнованиях формирует у молодежи чувство ответственности к стране и готовность служить отечеству,26,У Росії все добре ,Росія покращує життя на окупованих територіях,У Росії все добре ,У Росії все добре ,"Наративи про добробут і ""визвольну"" роль Росії","Наративи про добробут і ""визвольну"" роль Росії","Наративи про добробут і ""визвольну"" роль Росії","Наративи про добробут і ""визвольну"" роль Росії",TRUE
1386691094,39302,torontotv,FALSE,,FALSE,,,2025-06-24 16:09:22+00:00,36467,23,,FALSE,угорщина і словаччина не підтримують новий пакет санкцій проти рф своє рішення мотивують тим що хочуть і надалі купувати дешевий російський природний газ та дешеву російську нафту орбан послідовно робить угорщину регіоном російської федерації та і загалом намагається копіювати путіна про це ми і розповідали в нашому новому відео,26,Не містить наративу,Не містить наративу,Не містить наративу,Не містить наративу,Не містить наративу,Не містить наративу,Не містить наративу,Не містить наративу,FALSE
1232032465,67566,ukrpravda_news,FALSE,,FALSE,,,2025-09-08 11:37:01+00:00,38654,39,,FALSE,у єрусалимі на перехресті рамот терористи відкрили вогонь по зупинці автобуса загинули щонайменше шестеро людей ще дістали поранення серед них шестеро перебувають у тяжкому стані угруповання хамас привітало двох палестинських борців опору яких назвало виконавцями атаки проте офіційно відповідальності за напад не взяло на місце стрілянини прибув прем єр міністр ізраїлю нетаньягу який заявив що країна веде могутню війну проти терору підписатися,37,Не містить наративу,Не містить наративу,Не містить наративу,Не містить наративу,Не містить наративу,Не містить наративу,Не містить наративу,Не містить наративу,FALSE
1664292906,18464,energodar_ru,FALSE,,FALSE,,,2025-09-12 09:28:57+00:00,7655,44,,FALSE,за сутки в запорожской области родились девять малышей в запорожской области за последние сутки на свет появились девять малышей из них четыре мальчика и пять девочек сообщили в региональном минздраве,37,Не містить наративу,Не містить наративу,Не містить наративу,Не містить наративу,Не містить наративу,Не містить наративу,Не містить наративу,Не містить наративу,FALSE
1175084215,263527,ukr_2025_ru,FALSE,,FALSE,,,2025-08-26 21:32:33+00:00,106119,188,,FALSE,в покровске согласно привязкам вс рф заходят в микрорайон лазурный целая крепость из многоэтажек сообщает тг канал пролив сталина,35,Перемога України неможлива,Перемога України неможлива,Не містить наративу,Перемога України неможлива,Підрив віри в перемогу України,Підрив віри в перемогу України,Не містить наративу,Підрив віри в перемогу України,TRUE
1283178270,184648,uaobozrevatel,FALSE,,FALSE,,,2025-08-28 09:14:15+00:00,10555,11,,FALSE,ось що сьогодні вночі чули кияни dyx mh bzo tiktok,35,Не містить наративу,Не містить наративу,Не містить наративу,Не містить наративу,Не містить наративу,Не містить наративу,Не містить наративу,Не містить наративу,FALSE
1283178270,178317,uaobozrevatel,FALSE,,FALSE,,,2025-07-21 19:50:34+00:00,11978,7,,FALSE,фонд порошенка розширив співпрацю з американською місією ukraine focus яка поставляє медеваки та пікапи для фронту ukraine focus це волонтерська організація яка починала з машин для фронту а сьогодні вже поставили понад автівок частину з них оплачує фонд порошенка щомісяця ukrainian focus доставляє в україну автомобілі зокрема швидкі допомоги бо на жаль ми маємо втрати коли ми зустрічалися в підземному госпіталі за кілька кілометрів від лінії фронту то вони просили одне дайте медеваки дайте броньовані медеваки дайте пінцгауери дайте пікапи дайте будь які авто які рятують життя розповідає порошенко про нагальні потреби військових він наголошує кожна така машина це десятки врятованих життів щомісяця і тому для нас це настільки ж важливо як дрони зброя реб та пдтр зазначає порошенко він говорить домовився з генеральним директором ukraine focus бірманом броком окрім швидких постачати на фронт також пікапи ця фантастична команда американців забезпечить найкращі авто сервіс логістику і доставку в україну коли хтось у конгресі сша сумнівається чи допомагати україні їм треба бачити приклад брока і його команди якщо ви у мене запитаєте якими я бачу ідеальні відносини між україною і сша то я відповім що це відносини як у мене з броком без жодних комунікаційних бар єрів мовних проблем чи непорозумінь бо нас об єднує головне спільні цінності спільна мета і спільна віра у перемогу україни говорить петро порошенко подробиці,30,Не містить наративу,Не містить наративу,Не містить наративу,Не містить наративу,Не містить наративу,Не містить наративу,Не містить наративу,Не містить наративу,FALSE
1101170442,306473,rian_ru,FALSE,,FALSE,,,2025-07-24 00:03:10+00:00,561399,209,,FALSE,современная россия продолжает внешнюю политику ссср заявил в интервью риа новости директор института европы ран алексей громыко наша страна государство продолжатель советского союза мы унаследовали от него постоянное членство в совете безопасности оон самый большой в мире ядерный арсенал огромный опыт взаимодействия и с сильными мира сего и с самыми малыми странами он добавил что россия по международному праву и исходя из исторического развития несёт особую ответственность за мировую стабильность международную безопасность подписаться на риа новости все наши каналы,30,Україна залишилась сама і програє,Україна залишилась сама і програє,Наратив щодо історичних подій,Україна залишилась сама і програє,Підрив віри в перемогу України,Підрив віри в перемогу України,Наратив щодо історичних подій,Підрив віри в перемогу України,TRUE
1386691094,42638,torontotv,FALSE,,FALSE,,,2025-10-29 08:57:11+00:00,23881,67,,FALSE,на росії ліквідували підполковника омон причетного до воєнних злочинів під час окупації київщини гур автівку вєніаміна мазжеріна підірвали жовтня на території кемеровської області підполковник поліції мазжерін служив у спецпідрозділі росгвардії оберіг цей спецпідрозділ причетний до воєнних злочинів та геноциду українців на київщині в лютому березні року про те як склалась доля російських воєнних злочинців які вбивали українців в бучі ми розповідали у нашому відео,44,Не містить наративу,Не містить наративу,Не містить наративу,Не містить наративу,Не містить наративу,Не містить наративу,Не містить наративу,Не містить наративу,FALSE
1156935944,41094,svoboda_radio,FALSE,,FALSE,,,2025-10-29 10:29:02+00:00,16334,22,,FALSE,військові рф обстріляли дитячу лікарню в херсоні поранені дев ятеро людей серед яких четверо діти заявили в обласній прокуратурі за цими даними артилерійський удар був вранці по лікарні де були діти батьки та медичний персонал фото херсонська обласна прокуратура telegram радіо свобода підписуйтесь,44,Не містить наративу,Не містить наративу,Не містить наративу,Не містить наративу,Не містить наративу,Не містить наративу,Не містить наративу,Не містить наративу,FALSE
1175084215,277788,ukr_2025_ru,FALSE,,FALSE,,,2025-11-13 11:24:38+00:00,92561,34,,FALSE,президент встретился с губернатором астраханской области председателем комиссии госсовета по поддержке ветеранов боевых действий участников сво и членов их семей игорем бабушкиным владимиру путину представлен доклад о работе комиссии государственного совета по вопросам поддержки ветеранов боевых действий участников специальной военной операции и членов их семей комиссией подготовлены в частности предложения по совершенствованию юридических процедур и документооборота в частности обмена данными о ветеранах и участниках сво и членах их семей между органами власти фондом защитники отечества по оказанию медицинской помощи и реабилитации военнослужащих по повышению доступности психологической и психотерапевтической помощи участникам сво в период прохождения диспансеризации по разработке и внедрению рекомендаций для оказания психологической помощи семьям погибших и пропавших без вести по совершенствованию механизма приёма ветеранов боевых действий участников сво на государственную и муниципальную службу по приёму в высшие и средние учебные заведения сверх установленных контрольных цифр и обучению по нескольким квалификациям в том числе по индивидуальному учебному плану по созданию условий для занятий адаптивным спортом в учебных заведениях отдельно обсуждался проект базового стандарта оказания мер социальной поддержки участникам сво и членам их семей украина ру подписаться и знать больше,46,У Росії все добре ,У Росії все добре ,У Росії все добре ,У Росії все добре ,"Наративи про добробут і ""визвольну"" роль Росії","Наративи про добробут і ""визвольну"" роль Росії","Наративи про добробут і ""визвольну"" роль Росії","Наративи про добробут і ""визвольну"" роль Росії",TRUE
1122745359,121952,varta1,FALSE,,FALSE,,,2025-11-12 10:50:35+00:00,9045,13,,FALSE,кличко заявив що україна стикається з браком солдатів і пропонує знизити вік мобілізації до років деталі за посиланням,46,Дискредитація чи висміювання представників української влади,Україна — не демократія,Дискредитація чи висміювання представників української влади,Дискредитація чи висміювання представників української влади,Дискредитація України та її інституцій,Дискредитація України та її інституцій,Дискредитація України та її інституцій,Дискредитація України та її інституцій,TRUE
1447182889,10278,ZE_kartel,FALSE,,FALSE,,,2025-05-27 17:29:39+00:00,85609,133,,FALSE,гаага саммит нато в зале все кто определяет будущее альянса украина в повестке но не в списке приглашённых не формально а по сути потому что трамп не хочет видеть зеленского российские каналы ликуют заметив эту опасную тенденцию а саммит нато в гааге всё больше выглядит не как демонстрация единства а как площадка раскола особенно на фоне заявлений о конфликте интересов между трампом и зеленским тренд подтверждают и западные издания в том числе the new york times сша уже не воспринимают киев как равного и даже не как союзника а как риск мир движется к новой конфигурации где реальность важнее имиджа где не громкость заявлений а способность быть полезным решает украина в этом уравнении звучит громко но уже без микрофона а когда трамп слышит раздражаются вашингтон не хочет быть частью прежней логики тотального конфликта которую продвигает зеленский западу во главе с трампом нужна стабильности и те кто её нарушает становятся токсичными,22,Захід контролює Україну і використовує її у своїх цілях,Захід контролює Україну і використовує її у своїх цілях,Дискредитація ЕС та заходу,Захід контролює Україну і використовує її у своїх цілях,Захід використовує Україну у своїх цілях,Захід використовує Україну у своїх цілях,Дискредитація ЕС та заходу,Захід використовує Україну у своїх цілях,TRUE
1184797808,43968,Novorossia_Region,FALSE,,TRUE,1210987817,45920,2025-06-01 14:40:20+00:00,1861,7,,FALSE,мужики красавчики понимая что ударные дроны вылетают из контейнера на прицепе фуры начали забрасывать его камнями рискуя своей жизнью конечно они понимали об опасности было бы хорошо если бы их нашли и наградили просто красавчики neoficialniybezsonov,22,Перемога України неможлива,Перемога України неможлива,Українці хочуть приєднатися до Росії,Перемога України неможлива,Підрив віри в перемогу України,Підрив віри в перемогу України,"Наративи про добробут і ""визвольну"" роль Росії",Підрив віри в перемогу України,TRUE
1283178270,151127,uaobozrevatel,FALSE,,FALSE,,,2025-01-25 08:21:28+00:00,13029,21,,FALSE,словаччина на межі серйозних змін фіцо заявляє про підготовку держперевороту й майдану натякаючи на український слід рішення україни припинити газовий транзит із рф до євросоюзу з січня року призвело до загострення у відносинах між києвом і братиславою фіцо заявив що готовий накласти вето на подальше виділення фінансової допомоги єc києву через відмову зеленського обговорювати поновлення транзиту отримавши у відповідь повний ігнор щодо цього питання як від брюсселя так і від україни фіцо сьогодні фактично оголосив нам політичну війну всередині країни у фіцо також вистачає проблем так січня в країні відбулися масштабні акції протесту головна вимога відставка фіцо через його проросійську політику ситуація у словаччині настільки наелектризована що вже заговорили й про варіант запровадження надзвичайного стану у країні про те що сьогодні відбувається у взаємовідносинах між україною та словаччиною а також яка ситуація всередині сусідньої держави у матеріалі oboz ua,4,Дискредитація чи висміювання представників української влади,Не містить наративу,Не містить наративу,Не містить наративу,Дискредитація України та її інституцій,Не містить наративу,Не містить наративу,Не містить наративу,FALSE
1283178270,151240,uaobozrevatel,FALSE,,FALSE,,,2025-01-26 05:22:51+00:00,14214,15,,FALSE,втрати рф за добу мінус окупантів і одиниць техніки,4,Не містить наративу,Не містить наративу,Не містить наративу,Не містить наративу,Не містить наративу,Не містить наративу,Не містить наративу,Не містить наративу,FALSE
1697554072,86766,MonitoringUA,FALSE,,TRUE,1117628569,68450,2025-10-08 13:04:38+00:00,172,0,,FALSE,генерал лейтенанта вс рф игоря кириллова взорвали сву доставленным в россию из польши под видом бытовой техники все посылки шли на имя роберта сафаряна одного из четырёх исполнителей убийства взрыв у дома начальника войск рхбз на рязанском проспекте в москве прогремел декабря года самодельное взрывное устройство было закреплено на самокате припаркованном у подъезда дома кириллова за процессом украинские заказчики наблюдали онлайн с помощью камеры видеонаблюдения установленной в припаркованном рядом каршеринге в результат покушения погиб генерал и помощник илья поликарпов подозреваемые в организации и исполнении убийства ахмаджон курбонов роберт сафарян батухан точиев и рамазан падиев всем четверым уже предъявлено обвинение по ассортименту статей предусматривающих пожизненное лишение свободы конкретно сафарян получал на свое имя все компоненты для изготовления взрывчатки они шли ему из польши с осени года под видом бытовых предметов курбонов собрал сву и закрепил на самокате а потом припарковал его у подъезда жертвы дождался его выхода и привёл в действие точиев и падиев осуществляли логистику и пытались спрятать курбонова от следствия подписывайся на mash,41,Україна — терористична держава,Україна — терористична держава,Українська армія скоює воєнні злочини,Україна — терористична держава,Дискредитація України та її інституцій,Дискредитація України та її інституцій,Дискредитація України та її інституцій,Дискредитація України та її інституцій,TRUE
1343028414,46713,ASupersharij,FALSE,,FALSE,,,2025-10-12 18:14:44+00:00,1000407,5332,,FALSE,как сообщают люди в соцсетях криптокошелек trust перестал отображать стоимость монет на счету это самый крупный криптокошелек крипта постепенно из актива превращается в инструмент манипуляции конкретной группы и стремную тему,41,Не містить наративу,Не містить наративу,Не містить наративу,Не містить наративу,Не містить наративу,Не містить наративу,Не містить наративу,Не містить наративу,FALSE
1739446698,58136,otryadkovpaka,FALSE,,FALSE,,,2025-07-14 13:51:23+00:00,19513,33,,FALSE,премьер украины шмыгаль станет главой минобороны умеров поедет послом в сша нардеп украины железняк министра образования увольняют министром экономики станет алексей соболев министра соцполитики увольняют поддержать отряд ковпака отряд ковпака в вк отряд ковпака в ок отряд ковпака в телеграме,29,Не містить наративу,Не містить наративу,Не містить наративу,Не містить наративу,Не містить наративу,Не містить наративу,Не містить наративу,Не містить наративу,FALSE
1194762769,152481,RBC_ua_news,FALSE,,FALSE,,,2025-07-15 17:48:26+00:00,15924,24,,FALSE,трамп заявив що кінцевий термін для росії може закінчитися раніше ніж за днів більше новин тут rbc ua,29,Не містить наративу,Не містить наративу,Не містить наративу,Не містить наративу,Не містить наративу,Не містить наративу,Не містить наративу,Не містить наративу,FALSE
1697554072,86382,MonitoringUA,FALSE,,TRUE,1038402501,91426,2025-09-19 09:22:15+00:00,228,0,,FALSE,средства пво россии за неделю сбили беспилотников всу а также по четыре управляемые авиабомбы и снаряда рсзо himars сообщили в минобороны всего за время спецоперации вс рф уничтожили более тыс беспилотников всу подписывайтесь на ъ оставляйте бусты,38,У Росії все добре ,Перемога України неможлива,У Росії все добре ,У Росії все добре ,"Наративи про добробут і ""визвольну"" роль Росії",Підрив віри в перемогу України,"Наративи про добробут і ""визвольну"" роль Росії","Наративи про добробут і ""визвольну"" роль Росії",TRUE
1175084215,267475,ukr_2025_ru,FALSE,,FALSE,,,2025-09-15 16:15:49+00:00,98260,37,,FALSE,украинский дрон атаковал мирное население в горловке местные каналы сообщают об атаке бпла в посёлке шахты им изотова,38,Українська армія скоює воєнні злочини,Українська армія скоює воєнні злочини,Українська армія скоює воєнні злочини,Українська армія скоює воєнні злочини,Дискредитація України та її інституцій,Дискредитація України та її інституцій,Дискредитація України та її інституцій,Дискредитація України та її інституцій,TRUE
1223955273,31497,kpszsu,FALSE,,FALSE,,,2025-03-27 12:08:55+00:00,202051,18,,FALSE,увага загроза застосування балістичного озброєння в областях де оголошено повітряну тривогу,13,Не містить наративу,Не містить наративу,Не містить наративу,Не містить наративу,Не містить наративу,Не містить наративу,Не містить наративу,Не містить наративу,FALSE
1539262259,33048,NowMelitopol,FALSE,,FALSE,,,2025-03-26 15:09:12+00:00,7849,11,,FALSE,знаете что мне больше всего понравилось растить детей женщинами и мужчинами когда ценности действительно традиционные новый мелитополь подпишись,13,Дискредитація ЕС та заходу,Дискредитація ЕС та заходу,Дискредитація ЕС та заходу,Дискредитація ЕС та заходу,Дискредитація ЕС та заходу,Дискредитація ЕС та заходу,Дискредитація ЕС та заходу,Дискредитація ЕС та заходу,TRUE
1200595041,77303,OpenUkraine,FALSE,,FALSE,,,2025-01-28 09:05:01+00:00,59839,72,,FALSE,кая каллас евросоюз не собирается вести переговоры по гренландии понабирают по объявлению из гей клубов а потом страны блоки и союзы исчезают openukraine,5,Дискредитація чи висміювання представників української влади,Не містить наративу,Не містить наративу,Не містить наративу,Дискредитація України та її інституцій,Не містить наративу,Не містить наративу,Не містить наративу,FALSE
1232032465,56735,ukrpravda_news,FALSE,,FALSE,,,2025-01-30 18:14:14+00:00,54445,37,,FALSE,мзс прокоментувало затримання українця у словаччині через підготовку держперевороту у зовнішньополітичному відомстві зазначили що знають про ситуацію із затриманням у словаччині громадянина україни посольство україни встановило зв язок з ним та родиною йому надають консульську підтримку у затриманого є також приватний адвокат підписатися,5,Не містить наративу,Не містить наративу,Не містить наративу,Не містить наративу,Не містить наративу,Не містить наративу,Не містить наративу,Не містить наративу,FALSE
1664858107,12599,montyan2,FALSE,,FALSE,,,2025-10-17 06:16:01+00:00,111245,397,,FALSE,о приоритетах салорейховских патриотов угадайте какой первый вопрос задали новому военному мэру одессы лысаку на первой пресс конференции по итогам его назначения может быть про то что он намерен сделать чтобы подготовить коммунальные учреждения к работе в условиях блэкаутов или о том что он планирует предпринять для запуска отопительного сезона о подготовке общественного транспорта к приближающейся зиме ага конечно фиг вы угадали больше всего собравшихся журналистов интересовал вопрос о том когда когда же уже наконец снесут памятник пушкину на думской площади ведь это именно то что имеет наибольшее значение накануне наступления зимы которая по прогнозам синоптиков будет одной из самых холодных за долгое время да именно так по крайней мере в глазах турбопатриотов украинизаторов им реально пофиг каким будет к примеру асфальт или тротуарное покрытие на одесских улицах лишь бы эти улицы носили правильные названия к слову даже сам лысак хотя умом и не вышел сообразил что приоритеты расставлены как то странно и пробурчал что то на тему того что пока что в суть вопроса не вникал и его больше волнуют проблемы безопасности вот уж действительно даже если салорейховскому патриоту отрезать голову тот ещё две минуты будет требовать что нибудь снести или переименовать канал монтян все каналы монтян помочь донбассу,42,Нацизм в Україні,Дискредитація чи висміювання представників української влади,Нацизм в Україні,Нацизм в Україні,Дискредитація України та її інституцій,Дискредитація України та її інституцій,Дискредитація України та її інституцій,Дискредитація України та її інституцій,TRUE
1232032465,69299,ukrpravda_news,FALSE,,FALSE,,,2025-10-14 10:01:01+00:00,34495,134,,FALSE,трамп обурився через те яку його фотографію журнал time розмістив на своїй обкладинці номер присвятили укладеній під керівництвом сша угоді про перемир я між ізраїлем і терористичним угрупованням хамас реагуючи на це трамп зазначив що time написав досить хорошу статтю про нього але фотографія може бути найгіршою за всю історію вони прибрали моє волосся а потім додали щось що плавало над моєю головою і виглядало як плаваюча корона але дуже маленька дуже дивно мені ніколи не подобалося коли мене фотографують знизу і це дуже погана фотографія і вона заслуговує на критику написав він підписатися,42,Не містить наративу,Не містить наративу,Не містить наративу,Не містить наративу,Не містить наративу,Не містить наративу,Не містить наративу,Не містить наративу,FALSE
1232032465,70322,ukrpravda_news,FALSE,,FALSE,,,2025-11-05 08:39:01+00:00,33038,76,,FALSE,упродовж січня вересня років правоохоронці зареєстрували понад тисяч кримінальних проваджень за ухилення від мобілізації в україні повідомив офіс генпрокурора у відповідь на запит уп водночас кількість засуджених за це правопорушення в рази менша згідно з відкритими даними на вебпорталі судова влада україни упродовж років засуджено порушника інформація щодо вироків за рік ще не облікована підписатися,45,Не містить наративу,Не містить наративу,Не містить наративу,Не містить наративу,Не містить наративу,Не містить наративу,Не містить наративу,Не містить наративу,FALSE
1175084215,276936,ukr_2025_ru,FALSE,,FALSE,,,2025-11-08 06:20:33+00:00,99695,37,,FALSE,с до средствами пво уничтожены украинских бпла самолетного типа сообщили в минобороны над московским регионом над калужской областью над смоленской областью,45,У Росії все добре ,Перемога України неможлива,У Росії все добре ,У Росії все добре ,"Наративи про добробут і ""визвольну"" роль Росії",Підрив віри в перемогу України,"Наративи про добробут і ""визвольну"" роль Росії","Наративи про добробут і ""визвольну"" роль Росії",TRUE
1331641097,82250,donbassr,FALSE,,FALSE,,,2025-02-03 10:26:45+00:00,4913,18,,FALSE,президент федерации бокса днр армен саркисян умер от полученных ран полученных при взрыве жк алые паруса источник известий donbassr,6,Не містить наративу,Не містить наративу,Не містить наративу,Не містить наративу,Не містить наративу,Не містить наративу,Не містить наративу,Не містить наративу,FALSE
1189723223,30801,tokmak_segodna,FALSE,,TRUE,1514041375,3363,2025-02-05 20:16:23+00:00,303,2,,FALSE,на первом видео румынских чвкшников с поднятыми руками бегут в руанду из конго где они потеряли крупный город на втором видео вагнеровец бросается в свой последний бой с камнем в руках европа мертва она разлагается и этот смрад не перебить никакими духами если кто то вас спросит почему европа исчезла с карты этого мира просто покажите эти два видео больше ничего объяснять и не надо будет александр харченко,6,Дискредитація ЕС та заходу,Дискредитація ЕС та заходу,Дискредитація ЕС та заходу,Дискредитація ЕС та заходу,Дискредитація ЕС та заходу,Дискредитація ЕС та заходу,Дискредитація ЕС та заходу,Дискредитація ЕС та заходу,TRUE
1175084215,240258,ukr_2025_ru,FALSE,,FALSE,,,2025-04-05 18:16:24+00:00,134333,173,,FALSE,подразделения вс рф наращивают темп наступления в районе каменки захватив опорных пунктов об этом пишет направленец по украине средствами огневого поражения в течение суток наносились удары по местам скопления англоязычных боевиков переброска которых из харькова была вскрыта разведкой,14,У Росії все добре ,Перемога України неможлива,У Росії все добре ,У Росії все добре ,"Наративи про добробут і ""визвольну"" роль Росії",Підрив віри в перемогу України,"Наративи про добробут і ""визвольну"" роль Росії","Наративи про добробут і ""визвольну"" роль Росії",TRUE
1470200990,47910,suspilnenews,FALSE,,FALSE,,,2025-04-04 04:42:59+00:00,131221,37,,FALSE,дронова атака рф трамп заявив про зниження мит в обмін на феноменальні пропозиції країн суд у південній кореї підтримав імпічмент юн сок йоля головні новини ранку президент сша трамп заявив що відкритий до зниження мит якщо інші країни запропонують щось феноменальне у межах переговорів трамп також заявив що готовий надати китаю полегшення щодо нових мит якщо пекін схвалить угоду яка передбачає відокремлення китайської компанії bytedance від застосунку tiktok на території сша конституційний суд південної кореї підтримав імпічмент президента південної кореї юн сок йоля остаточно усунувши його з посади через короткочасне запровадження воєнного стану у грудні у харкові кількість загиблих російську атаку зросла до чотирьох людей повідомив керівник ова синєгубов також рф атакувала дронами київщину дніпропетровщину та запоріжжя,14,Не містить наративу,Не містить наративу,Не містить наративу,Не містить наративу,Не містить наративу,Не містить наративу,Не містить наративу,Не містить наративу,FALSE
1514326454,4326,Sharij_News_l,FALSE,,FALSE,,,2025-05-17 20:18:21+00:00,329,0,,FALSE,раньше конкистадоры меняли золото дикарей на бусы теперь рубио меняет недра и прямые переговоры с русскими на совместные фото с ермаком интересно что ермак очень настойчиво пытался попасть в фотографии с рубио но фотографии получались странные то он со спины то он где то через два человека то он явно пытается притереться сзади комичная ситуация но самое смешное что это стоило украинцам недр молчат в тряпочку,20,Дискредитація чи висміювання представників української влади,Дискредитація чи висміювання представників української влади,Дискредитація чи висміювання представників української влади,Дискредитація чи висміювання представників української влади,Дискредитація України та її інституцій,Дискредитація України та її інституцій,Дискредитація України та її інституцій,Дискредитація України та її інституцій,TRUE
1122745359,111431,varta1,FALSE,,FALSE,,,2025-05-12 10:11:31+00:00,11261,0,,FALSE,мешканець львівщини може сісти на років за розповсюдження наркотиків,20,Не містить наративу,Не містить наративу,Не містить наративу,Не містить наративу,Не містить наративу,Не містить наративу,Не містить наративу,Не містить наративу,FALSE
1631471668,29298,herson_today,FALSE,,TRUE,1544960672,8875,2025-08-03 08:28:01+00:00,151,0,,FALSE,херсонская молодёжь в эпицентре креатива на фестивале таврида арт в судаке здесь у моря собрались талантливые ребята со всей страны музыка искусство новые идеи и знакомства царит атмосфера молодости и энергии наш регион представляет творческий посёлок счастливцево открытый в херсонской области июня вместе с участниками мы привезли особый подарок более тонн сочных херсонских арбузов и дынь угощаем всех от души с теплом родной земли уверен ребята отлично проведут время зарядятся вдохновением и вернутся домой с новыми силами,31,У Росії все добре ,Росія покращує життя на окупованих територіях,Росія покращує життя на окупованих територіях,Росія покращує життя на окупованих територіях,"Наративи про добробут і ""визвольну"" роль Росії","Наративи про добробут і ""визвольну"" роль Росії","Наративи про добробут і ""визвольну"" роль Росії","Наративи про добробут і ""визвольну"" роль Росії",TRUE
1223955273,39743,kpszsu,TRUE,,FALSE,,,2025-08-02 23:51:52+00:00,173132,22,,FALSE,полтавщина бпла курсом на гадяч комишню миргород,31,Не містить наративу,Не містить наративу,Не містить наративу,Не містить наративу,Не містить наративу,Не містить наративу,Не містить наративу,Не містить наративу,FALSE
1223955273,25649,kpszsu,FALSE,,FALSE,,,2024-12-25 11:06:31+00:00,231563,25,,FALSE,увага харківська область загроза застосування ворогом ударних бпла,52,Не містить наративу,Не містить наративу,Не містить наративу,Не містить наративу,Не містить наративу,Не містить наративу,Не містить наративу,Не містить наративу,FALSE
1101170442,274686,rian_ru,FALSE,,FALSE,,,2024-12-25 15:19:31+00:00,720362,519,,FALSE,при крушении самолета близ актау погибли человек сообщают казахстанские сми,52,Не містить наративу,Не містить наративу,Росія не вчиняє воєнних злочинів в Україні,Не містить наративу,Не містить наративу,Не містить наративу,Україна/Захід винні — Росія захищається,Не містить наративу,FALSE
1088461266,149467,ukrinform_news,FALSE,,FALSE,,,2025-08-06 20:03:36+00:00,6877,6,,FALSE,зеленський провів розмову з трампом після візиту віткоффа до москви трамп оголосив про введення додаткових тарифів проти індії через її співпрацю з рф уряд призначив олександра цивінського директором беб трамп планує зустрітися з путіним і зеленським nyt підпишись на укрінформ facebook twitter youtube,32,Не містить наративу,Не містить наративу,Не містить наративу,Не містить наративу,Не містить наративу,Не містить наративу,Не містить наративу,Не містить наративу,FALSE
1314050553,20680,suspilnelviv,FALSE,,FALSE,,,2025-08-05 08:11:31+00:00,14073,11,,FALSE,у дрогобичі внаслідок дтп загинув річний водій мікроавтобуса про це повідомили у відділі комунікації поліції львівської області аварія сталася вранці серпня фото facebook поліція львівської області,32,Не містить наративу,Не містить наративу,Не містить наративу,Не містить наративу,Не містить наративу,Не містить наративу,Не містить наративу,Не містить наративу,FALSE
1754295523,16772,newkahovka_ru,FALSE,,FALSE,,,2025-04-14 11:35:59+00:00,9102,61,,FALSE,бойцы группировки войск днепр за сутки ликвидировали до боевиков всу в районах понятовки антоновки и никольского херсонской области новоданиловки павловки запорожской области военнослужащие группировки войск днепр нанесли поражение формированиям механизированной горно штурмовой бригад и трех бригад береговой обороны всу противник потерял до боевиков бтр м и ббм hmmwv производства сша семь автомобилей американская гаубица м станцию рэб радиолокационную станцию rada производства израиля и четыре склада боеприпасов сообщили в минобороны рф,16,У Росії все добре ,Перемога України неможлива,У Росії все добре ,У Росії все добре ,"Наративи про добробут і ""визвольну"" роль Росії",Підрив віри в перемогу України,"Наративи про добробут і ""визвольну"" роль Росії","Наративи про добробут і ""визвольну"" роль Росії",TRUE
1081358729,121185,nvua_official,TRUE,,FALSE,,,2025-04-16 14:55:14+00:00,6287,3,,FALSE,речник мзс україни оцінив заяву віткоффа про мирну угоду з рф і п ять територій україна є цілісною і соборною в межах міжнародного визнання кордонів ця позиція україни незмінна і не зміниться ніколи україна як була так і є цілісною в межах міжнародного визнаних кордонів заявив георгій тихий усі тимчасово окуповані рф українські території належать україні згідно з усіма нормами міжнародного права додав він коли росія висуває якісь свої вимоги щодо регіонів щодо якоїсь заборони україні вступати кудись щодо якихось обмежень українських збройних сил щодо ще якихось законів внутрішньоукраїнських і так далі все це не є легітимним за визначенням росія не має права диктувати ці речі і не має права в принципі висувати ці вимоги зауважив тихий підпишіться на nv,16,Не містить наративу,Не містить наративу,Не містить наративу,Не містить наративу,Не містить наративу,Не містить наративу,Не містить наративу,Не містить наративу,FALSE
1280273449,68157,UkraineNow,FALSE,,FALSE,,,2025-04-07 17:53:10+00:00,66215,156,,FALSE,колишній футболіст франческо тотті прибув до москви для участі в церемонії рейтинг букмекерів ця подія викликала бурхливу реакцію серед його шанувальників у соціальних мережах фанати розкритикували рішення екс нападника роми та збірної італії зокрема користувачі висловлюють думку що футбольна легенда продався за рублі також лунають запитання чи вистачить у тотті сміливості відвідати кривий ріг де квітня внаслідок російського обстрілу загинули людей ми у whatsapp telegram viber,15,Не містить наративу,Не містить наративу,Не містить наративу,Не містить наративу,Не містить наративу,Не містить наративу,Не містить наративу,Не містить наративу,FALSE
1194762769,137900,RBC_ua_news,TRUE,,FALSE,,,2025-04-10 04:27:36+00:00,14646,0,,FALSE,у києві оголосили про відбій повітряної тривоги скасовують тривогу також і по областях більше новин тут rbc ua,15,Не містить наративу,Не містить наративу,Не містить наративу,Не містить наративу,Не містить наративу,Не містить наративу,Не містить наративу,Не містить наративу,FALSE
1200595041,81425,OpenUkraine,FALSE,,TRUE,1279747448,41700,2025-05-01 06:55:21+00:00,40507,27,,FALSE,сво культура покоряет столицу новая выставка проекта русский стиль в парке зарядье с апреля по июня и увидел я новое небо и новую землю главная тема внутренний мир человека на войне спешите видеть своими глазами,18,У Росії все добре ,У Росії все добре ,Росія не вчиняє воєнних злочинів в Україні,У Росії все добре ,"Наративи про добробут і ""визвольну"" роль Росії","Наративи про добробут і ""визвольну"" роль Росії",Україна/Захід винні — Росія захищається,"Наративи про добробут і ""визвольну"" роль Росії",TRUE
1175084215,243470,ukr_2025_ru,FALSE,,FALSE,,,2025-05-03 12:03:51+00:00,124445,0,,FALSE,два майора врываются в информационную повестку вести с фронта ежедневные сводки честное и взвешенное объяснение событий подписывайтесь на двух майоров будет интересно мы здесь думаем,18,Не містить наративу,Не містить наративу,Не містить наративу,Не містить наративу,Не містить наративу,Не містить наративу,Не містить наративу,Не містить наративу,FALSE
1175084215,230144,ukr_2025_ru,FALSE,,FALSE,,,2025-01-08 21:24:58+00:00,163167,101,,FALSE,вот и закончилась среда а вместе с ней и новогодние выходные давайте подведём информационные итоги дня семь наёмников включая трёх граждан украины задержаны в венесуэле при подготовке терактов заявил президент мадуро в аэропорту кишинева среди почтовых отправлений была найдена взрывчатка под видом игрушечной машинки она была отправлена с украины и должна была попасть в тбилиси украина хочет остановить транзит российской нефти через свою территорию в европу сотрудников украинского энергоатома выбрали россию и подписали контракты с росатомом оставшись работать на запорожской аэс в санкт петербурге официально прекратило свою работу генконсульство польши мид украины решил поупражняться в остроумии и угрожает венгрии лайма вайкуле выразила желание поехать с концертом на украину глава укрпочты игорь смилянский предложил выпустить марку будапештский меморандум это х я зеленский уже решил баллотироваться на второй президентский срок но он боится залужного командир одного из механизированных батальонов всу который отказался выполнять приказ и занимать требуемые командованием позиции выиграл дело против минобороны в суде нашёлся первый козёл отпущения в ситуации с дезертирством й омбр всу зеленский через подставных лиц купил недвижимость на острове сен бартелеми маси найем требует снести памятники украинцам участникам войны в афганистане на украине без тепла могут остаться социальные объекты и дома всё из за мобилизации сотрудников гтс бывший президент грузии собирается сбежать в сша а если вы учите испанский язык или хотите донести честные новости до своих испаноговорящих друзей рекомендуем вам наших соратников по информационной войне телеграм канал ucraniando ваша украина ру,2,Українці хочуть приєднатися до Росії,Україна — терористична держава,Українці хочуть приєднатися до Росії,Українці хочуть приєднатися до Росії,"Наративи про добробут і ""визвольну"" роль Росії",Дискредитація України та її інституцій,"Наративи про добробут і ""визвольну"" роль Росії","Наративи про добробут і ""визвольну"" роль Росії",TRUE
1200595041,76552,OpenUkraine,FALSE,,FALSE,,,2025-01-11 17:32:49+00:00,69681,79,,FALSE,охрана отмена с openukraine,2,Не містить наративу,Не містить наративу,Не містить наративу,Не містить наративу,Не містить наративу,Не містить наративу,Не містить наративу,Не містить наративу,FALSE
1283178270,147942,uaobozrevatel,FALSE,,FALSE,,,2024-12-31 20:47:52+00:00,13244,11,,FALSE,підсумок за рік знищені склади бк і бази окупантів мінус склад бк баз кп штабів і пмм,1,Не містить наративу,Не містить наративу,Не містить наративу,Не містить наративу,Не містить наративу,Не містить наративу,Не містить наративу,Не містить наративу,FALSE
1175084215,229226,ukr_2025_ru,FALSE,,FALSE,,,2024-12-31 20:42:24+00:00,153515,20,,FALSE,военкор издания украина ру фёдор громов поздравляет всех с наступающим новым годом он желает всего наилучшего в предстоящем году и передаёт привет из окрестностей города курахово где находится с редакционным заданием знать больше с украина ру,1,Не містить наративу,Не містить наративу,Не містить наративу,Не містить наративу,Не містить наративу,Не містить наративу,Не містить наративу,Не містить наративу,FALSE
1088461266,155304,ukrinform_news,FALSE,,FALSE,,,2025-12-10 18:05:29+00:00,4717,9,,FALSE,якщо ви оплатили автовикуп система автоматично викупить квиток і вас проінформує функція дуже зручна але недооцінена за словами директора філії пасажирська компанія ат укрзалізниця олега головащенка автовикуп майже на гарантує що квиток буде викуплений повний випуск програми є розмова дивіться на youtube каналі ukrinform підпишись на укрінформ facebook x youtube,50,Не містить наративу,Не містить наративу,Не містить наративу,Не містить наративу,Не містить наративу,Не містить наративу,Не містить наративу,Не містить наративу,FALSE