sub_narrative_id,sub_narrative,narrative_id,narrative,meta_narrative_id,meta_narrative,sub_narrative_source
1,Постачання зброї в Україну затягує війну,1,"Наратив щодо озброєння, яке надають Україні країни Заходу",1,Дискредитація ЕС та заходу,Vox
2,Європейці не хочуть поставляти Україні зброю,1,"Наратив щодо озброєння, яке надають Україні країни Заходу",1,Дискредитація ЕС та заходу,Vox
3,Західна зброя не допоможе Україні,1,"Наратив щодо озброєння, яке надають Україні країни Заходу",1,Дискредитація ЕС та заходу,Vox
4,"Україна продає зброю, яку їй надають західні партнери",1,"Наратив щодо озброєння, яке надають Україні країни Заходу",1,Дискредитація ЕС та заходу,Vox
5,Росія легко знищує західну зброю в Україні,1,"Наратив щодо озброєння, яке надають Україні країни Заходу",1,Дискредитація ЕС та заходу,Vox
6,Постачання уранових боєприпасів небезпечне,1,"Наратив щодо озброєння, яке надають Україні країни Заходу",1,Дискредитація ЕС та заходу,Vox
7,Постачання зброї робить Захід винним у жертвах,1,"Наратив щодо озброєння, яке надають Україні країни Заходу",1,Дискредитація ЕС та заходу,Vox
8,Зброя від Заходу не потрапляє на фронт,1,"Наратив щодо озброєння, яке надають Україні країни Заходу",1,Дискредитація ЕС та заходу,Vox
9,"Захід постачає зброю в Україну, щоб заробити",1,"Наратив щодо озброєння, яке надають Україні країни Заходу",1,Дискредитація ЕС та заходу,Vox
10,Війна в Україні демонструє перевагу російської зброї,1,"Наратив щодо озброєння, яке надають Україні країни Заходу",1,Дискредитація ЕС та заходу,Vox
11,В Україну постачають неякісну зброю,1,"Наратив щодо озброєння, яке надають Україні країни Заходу",1,Дискредитація ЕС та заходу,Vox
12,Країни ЄС хочуть поділити Україну,2,Союзники хочуть поділити Україну,2,Підрив віри в перемогу України,Vox
13,Польща планує окупувати частину України,2,Союзники хочуть поділити Україну,2,Підрив віри в перемогу України,Vox
14,Чорні трансплантологи працюють на передовій,3,Чорна трансплантологія в Україні,3,Конспірологічна дискредитація України,Vox
15,Українське законодавство не забороняє працювати чорним трансплантологам,3,Чорна трансплантологія в Україні,3,Конспірологічна дискредитація України,Vox
16,Дітей з України продають на органи,3,Чорна трансплантологія в Україні,3,Конспірологічна дискредитація України,Vox
17,В Україні працюють чорні трансплантологи з інших країн,3,Чорна трансплантологія в Україні,3,Конспірологічна дискредитація України,Vox
18,Україна торгує органами своїх військових,3,Чорна трансплантологія в Україні,3,Конспірологічна дискредитація України,Vox
19,В Україні воюють польські найманці,4,Наратив щодо іноземних найманців,4,Захід використовує Україну у своїх цілях,Vox
20,На боці України воюють іноземні найманці,4,Наратив щодо іноземних найманців,4,Захід використовує Україну у своїх цілях,Vox
21,Іноземні найманці викривають критичну ситуацію в ЗСУ,4,Наратив щодо іноземних найманців,4,Захід використовує Україну у своїх цілях,Vox
22,Іноземні найманці вбивають цивільних в Україні,4,Наратив щодо іноземних найманців,4,Захід використовує Україну у своїх цілях,Vox
23,Україна набирає іноземних найманців через брак солдатів,4,Наратив щодо іноземних найманців,4,Захід використовує Україну у своїх цілях,Vox
24,Волонтери отримують прибуток від іноземної гуманітарної допомоги,5,Наратив щодо гуманітарної допомоги Україні,5,Гуманітарні наративи про Україну,Vox
25,"Лікарі перепродують медичну гуманітарну допомогу, надіслану в Україну",5,Наратив щодо гуманітарної допомоги Україні,5,Гуманітарні наративи про Україну,Vox
26,"Гуманітарну допомогу надають військовим, а не цивільним",5,Наратив щодо гуманітарної допомоги Україні,5,Гуманітарні наративи про Україну,Vox
27,Гуманітарну допомогу продають у магазинах,5,Наратив щодо гуманітарної допомоги Україні,5,Гуманітарні наративи про Україну,Vox
28,"Гуманітарну допомогу розкрадають політики, а прості люди не отримують нічого",5,Наратив щодо гуманітарної допомоги Україні,5,Гуманітарні наративи про Україну,Vox
29,Російськомовні цивільні зазнають дискримінації при розподілі гуманітарної допомоги,5,Наратив щодо гуманітарної допомоги Україні,5,Гуманітарні наративи про Україну,Vox
30,На українських біженців у Європі чекає небезпека,6,Наратив щодо українських біженців,5,Гуманітарні наративи про Україну,Vox
31,Європа втомилася від біженців з України,6,Наратив щодо українських біженців,5,Гуманітарні наративи про Україну,Vox
32,"Уряди піклуються про українських біженців більше, ніж про власних громадян",6,Наратив щодо українських біженців,5,Гуманітарні наративи про Україну,Vox
33,Інші мігранти страждають через біженців з України,6,Наратив щодо українських біженців,5,Гуманітарні наративи про Україну,Vox
34,Справжні біженці із зони бойових дій поїхали до Росії,6,Наратив щодо українських біженців,5,Гуманітарні наративи про Україну,Vox
35,Біженці є тягарем для економіки,6,Наратив щодо українських біженців,5,Гуманітарні наративи про Україну,Vox
36,Біженців використовують для шантажу європейських країн,6,Наратив щодо українських біженців,5,Гуманітарні наративи про Україну,Vox
37,Біженці з України фактично є економічними мігрантами,6,Наратив щодо українських біженців,5,Гуманітарні наративи про Україну,Vox
38,Біженці не хочуть шукати роботу і працювати,6,Наратив щодо українських біженців,5,Гуманітарні наративи про Україну,Vox
39,Біженці з України приїхали скористатись медичними послугами,6,Наратив щодо українських біженців,5,Гуманітарні наративи про Україну,Vox
40,Біженці порушують соціальні норми та погано поводяться,6,Наратив щодо українських біженців,5,Гуманітарні наративи про Україну,Vox
41,"Біженці, які приїхали до Європи, фактично не постраждали від війни",6,Наратив щодо українських біженців,5,Гуманітарні наративи про Україну,Vox
42,Українські біженці агресивно налаштовані до поляків,6,Наратив щодо українських біженців,5,Гуманітарні наративи про Україну,Vox
43,Українські біженці вчиняють кримінальні злочини в країнах перебування,6,Наратив щодо українських біженців,5,Гуманітарні наративи про Україну,Vox
44,Українські біженці створюють проблеми для суспільства,6,Наратив щодо українських біженців,5,Гуманітарні наративи про Україну,Vox
45,Українські біженці поширюють корупцію,6,Наратив щодо українських біженців,5,Гуманітарні наративи про Україну,Vox
46,Українські біженці поширюють хвороби в Європі,6,Наратив щодо українських біженців,5,Гуманітарні наративи про Україну,Vox
47,Українські біженці поширюють нацизм,6,Наратив щодо українських біженців,5,Гуманітарні наративи про Україну,Vox
48,Німеччина депортує українських біженців на запит української влади,6,Наратив щодо українських біженців,5,Гуманітарні наративи про Україну,Vox
49,Українських біженців у Європі мобілізують,6,Наратив щодо українських біженців,5,Гуманітарні наративи про Україну,Vox
50,Майже всіх жителів Києва евакуюватимуть через гуманітарну кризу,7,Гуманітарна криза в Україні,5,Гуманітарні наративи про Україну,Vox
51,Гуманітарна ситуація на деокупованих територіях не покращилася,7,Гуманітарна криза в Україні,5,Гуманітарні наративи про Україну,Vox
52,Російські удари по енергетичній інфраструктурі призведуть до заворушень всередині України,7,Гуманітарна криза в Україні,5,Гуманітарні наративи про Україну,Vox
53,У більшій частині України гуманітарна ситуація катастрофічна,7,Гуманітарна криза в Україні,5,Гуманітарні наративи про Україну,Vox
54,Відповідальність за гуманітарну кризу в Україні несе Захід,7,Гуманітарна криза в Україні,5,Гуманітарні наративи про Україну,Vox
55,Експорт українського зерна призведе до продовольчої кризи,7,Гуманітарна криза в Україні,5,Гуманітарні наративи про Україну,Vox
56,Українські провокації призведуть до гуманітарної кризи,7,Гуманітарна криза в Україні,5,Гуманітарні наративи про Україну,Vox
57,Епідемії в Україні починаються через недбалість влади,7,Гуманітарна криза в Україні,5,Гуманітарні наративи про Україну,Vox
58,Імпорт продовольства шкодить сільському господарству України,8,Наратив про зерно та продовольство,5,Гуманітарні наративи про Україну,Vox
59,Антиросійські санкції посилюють дефіцит продовольства у світі,8,Наратив про зерно та продовольство,5,Гуманітарні наративи про Україну,Vox
60,Експорт українського зерна вигідний лише розвиненим країнам,8,Наратив про зерно та продовольство,5,Гуманітарні наративи про Україну,Vox
61,Росія не блокувала експорт українського зерна,8,Наратив про зерно та продовольство,5,Гуманітарні наративи про Україну,Vox
62,Росія не завдавала ударів по цивільних цілях в Одеському порту,8,Наратив про зерно та продовольство,5,Гуманітарні наративи про Україну,Vox
63,Глобальна нестача продовольства – це міф,8,Наратив про зерно та продовольство,5,Гуманітарні наративи про Україну,Vox
64,Світовий дефіцит продовольства спричинений Заходом,8,Наратив про зерно та продовольство,5,Гуманітарні наративи про Україну,Vox
65,Україна створила перешкоди для експорту зерна,8,Наратив про зерно та продовольство,5,Гуманітарні наративи про Україну,Vox
66,Україна знищує зерносховища та жнивні поля,8,Наратив про зерно та продовольство,5,Гуманітарні наративи про Україну,Vox
67,Україна замінувала Чорне море і таким чином заблокувала експорт зерна,8,Наратив про зерно та продовольство,5,Гуманітарні наративи про Україну,Vox
68,Україна використала морський гуманітарний коридор для нападу на Росію,8,Наратив про зерно та продовольство,5,Гуманітарні наративи про Україну,Vox
69,Україна використовує потужності для переробки та зберігання врожаю у військових цілях,8,Наратив про зерно та продовольство,5,Гуманітарні наративи про Україну,Vox
70,Україна використовує глобальний голод як зброю,8,Наратив про зерно та продовольство,5,Гуманітарні наративи про Україну,Vox
71,Експорт українського зерна призведе до дефіциту продовольства всередині країни,8,Наратив про зерно та продовольство,5,Гуманітарні наративи про Україну,Vox
72,Українське зерно забруднене,8,Наратив про зерно та продовольство,5,Гуманітарні наративи про Україну,Vox
73,Cанкції на російську агропродукцію потрібно скасувати,8,Наратив про зерно та продовольство,5,Гуманітарні наративи про Україну,Vox
74,Україна використовує зерновий коридор для експорту нелегальних наркотиків і нафти,8,Наратив про зерно та продовольство,5,Гуманітарні наративи про Україну,Vox
75,Референдум в Криму в 2014 році був законним,9,Наратив щодо історичних подій,6,Наратив щодо історичних подій,Vox
76,Крим у складі України – подарунок Хрущова,9,Наратив щодо історичних подій,6,Наратив щодо історичних подій,Vox
77,Під час холодної війни США використовували українських нацистів проти СРСР,9,Наратив щодо історичних подій,6,Наратив щодо історичних подій,Vox
78,Боротьба між Українською Народною Республікою (УНР) і УРСР у 1917-1921 роках була громадянською війною,9,Наратив щодо історичних подій,6,Наратив щодо історичних подій,Vox
79,Голодомор не був геноцидом,9,Наратив щодо історичних подій,6,Наратив щодо історичних подій,Vox
80,Росія створила Україну,9,Наратив щодо історичних подій,6,Наратив щодо історичних подій,Vox
81,Степан Бандера був масовим убивцею і нацистом,9,Наратив щодо історичних подій,6,Наратив щодо історичних подій,Vox
82,Бандерівці займалися канібалізмом щодо своїх жертв,9,Наратив щодо історичних подій,6,Наратив щодо історичних подій,Vox
83,Основна відповідальність за вторгнення до Чехословаччини в 1968 році лежить на українській владі,9,Наратив щодо історичних подій,6,Наратив щодо історичних подій,Vox
84,У 2014 році жителі Донецької та Луганської областей проголосили незалежність і відокремилися від Києва,9,Наратив щодо історичних подій,6,Наратив щодо історичних подій,Vox
85,Революція Гідності була державним переворотом,9,Наратив щодо історичних подій,6,Наратив щодо історичних подій,Vox
86,Громадянська війна між Україною та Донбасом триває з 2014 року,9,Наратив щодо історичних подій,6,Наратив щодо історичних подій,Vox
87,Україна розвивалася як штучна держава,9,Наратив щодо історичних подій,6,Наратив щодо історичних подій,Vox
88,"Україна давно поділена на різних людей, які ненавидять один одного",9,Наратив щодо історичних подій,6,Наратив щодо історичних подій,Vox
89,Український націоналізм ґрунтується виключно на неприйнятті інших націй,9,Наратив щодо історичних подій,6,Наратив щодо історичних подій,Vox
90,Українські націоналісти несуть відповідальність за Волинську трагедію,9,Наратив щодо історичних подій,6,Наратив щодо історичних подій,Vox
91,У 2014 році в Одесі українські націоналісти вбили мирних жителів,9,Наратив щодо історичних подій,6,Наратив щодо історичних подій,Vox
92,Українські націоналісти були фашистами та колабораціоністами нацистів,9,Наратив щодо історичних подій,6,Наратив щодо історичних подій,Vox
93,Історичною батьківщиною для росіян є українські землі,9,Наратив щодо історичних подій,6,Наратив щодо історичних подій,Vox
94,"Українські території належать іншим державам: Угорщині, Польщі, Румунії та Росії",9,Наратив щодо історичних подій,6,Наратив щодо історичних подій,Vox
95,Українці та росіяни – братні народи чи навіть один народ,9,Наратив щодо історичних подій,6,Наратив щодо історичних подій,Vox
96,"Українці не змогли створити ефективну державу, тому потрапили в залежність від інших країн",9,Наратив щодо історичних подій,6,Наратив щодо історичних подій,Vox
97,Українці не мали обмежень у політичних правах в СРСР,9,Наратив щодо історичних подій,6,Наратив щодо історичних подій,Vox
98,Помаранчева революція 2004 року посилила контроль Заходу над Україною та розділила суспільство,9,Наратив щодо історичних подій,6,Наратив щодо історичних подій,Vox
99,Сто років тому української мови не існувало,9,Наратив щодо історичних подій,6,Наратив щодо історичних подій,Vox
100,Україна переписує історію,9,Наратив щодо історичних подій,6,Наратив щодо історичних подій,Vox
101,Українські націоналісти вбили мирних жителів Одеси в 2014 році,9,Наратив щодо історичних подій,6,Наратив щодо історичних подій,Vox
102,14-та гренадерська дивізія Ваффен-СС причетна до військових злочинів,9,Наратив щодо історичних подій,6,Наратив щодо історичних подій,Vox
103,Є докази витоку з американських лабораторій в Україні,10,Військово-біологічні лабораторії в Україні та нарколабораторії,3,Конспірологічна дискредитація України,Vox
104,На дослідження в біолабораторіях США в Україні виділено 88 мільярдів доларів,10,Військово-біологічні лабораторії в Україні та нарколабораторії,3,Конспірологічна дискредитація України,Vox
105,Нетипові захворювання в українців викликані діяльністю біолабораторій США,10,Військово-біологічні лабораторії в Україні та нарколабораторії,3,Конспірологічна дискредитація України,Vox
106,"Біологічна зброя, створена в лабораторіях США в Україні, спрямована проти конкретних етнічних груп",10,Військово-біологічні лабораторії в Україні та нарколабораторії,3,Конспірологічна дискредитація України,Vox
107,"Біологічна зброя, що передається комахами та кажанами, була розроблена в біолабораторіях США",10,Військово-біологічні лабораторії в Україні та нарколабораторії,3,Конспірологічна дискредитація України,Vox
108,Німеччина проводила в Україні військову біологічну діяльність,10,Військово-біологічні лабораторії в Україні та нарколабораторії,3,Конспірологічна дискредитація України,Vox
109,Київ має намір оснастити безпілотні літальні апарати біологічною зброєю,10,Військово-біологічні лабораторії в Україні та нарколабораторії,3,Конспірологічна дискредитація України,Vox
110,Сім'я Байденів займалася військовими біологічними дослідженнями в Україні,10,Військово-біологічні лабораторії в Україні та нарколабораторії,3,Конспірологічна дискредитація України,Vox
111,Демократична партія займалася військовими біологічними дослідженнями в Україні,10,Військово-біологічні лабораторії в Україні та нарколабораторії,3,Конспірологічна дискредитація України,Vox
112,СБУ керувала нарколабораторіями в Росії,10,Військово-біологічні лабораторії в Україні та нарколабораторії,3,Конспірологічна дискредитація України,Vox
113,Американські біолабораторії провели досліди на українській сільськогосподарській продукції,10,Військово-біологічні лабораторії в Україні та нарколабораторії,3,Конспірологічна дискредитація України,Vox
114,США проводили експерименти над українцями,10,Військово-біологічні лабораторії в Україні та нарколабораторії,3,Конспірологічна дискредитація України,Vox
115,США провели в Україні експерименти над незахищеними верствами населення,10,Військово-біологічні лабораторії в Україні та нарколабораторії,3,Конспірологічна дискредитація України,Vox
116,США побудували або профінансували 46 біологічних лабораторій в Україні,10,Військово-біологічні лабораторії в Україні та нарколабораторії,3,Конспірологічна дискредитація України,Vox
117,Після викриття США переміщують об’єкти з виробництва біологічної зброї з України,10,Військово-біологічні лабораторії в Україні та нарколабораторії,3,Конспірологічна дискредитація України,Vox
118,Лабораторії США в Україні розробляли біологічну зброю,10,Військово-біологічні лабораторії в Україні та нарколабораторії,3,Конспірологічна дискредитація України,Vox
119,Лабораторії США в Україні працювали над контрольованим поширенням інфекційних захворювань,10,Військово-біологічні лабораторії в Україні та нарколабораторії,3,Конспірологічна дискредитація України,Vox
120,США витратили 32 мільйони доларів на військові біологічні дослідження в Україні,10,Військово-біологічні лабораторії в Україні та нарколабораторії,3,Конспірологічна дискредитація України,Vox
121,США використовували українське населення як піддослідних кроликів у своїх експериментах,10,Військово-біологічні лабораторії в Україні та нарколабораторії,3,Конспірологічна дискредитація України,Vox
122,Україна свідомо заразила населення Донбасу,10,Військово-біологічні лабораторії в Україні та нарколабораторії,3,Конспірологічна дискредитація України,Vox
123,Україна кинулася знищувати небезпечні збудники після початку російського вторгнення,10,Військово-біологічні лабораторії в Україні та нарколабораторії,3,Конспірологічна дискредитація України,Vox
124,Українські військові приймають спеціальні військові наркотики,10,Військово-біологічні лабораторії в Україні та нарколабораторії,3,Конспірологічна дискредитація України,Vox
125,Недозволені препарати тестували на українських військових,10,Військово-біологічні лабораторії в Україні та нарколабораторії,3,Конспірологічна дискредитація України,Vox
126,"Вікторія Нуланд визнала, що в Україні є біолабораторії США",10,Військово-біологічні лабораторії в Україні та нарколабораторії,3,Конспірологічна дискредитація України,Vox
127,"Якби Росія не почала війну, на неї б напали на її ж території",11,Дії України та Заходу змусили Росію розпочати війну,7,Україна/Захід винні — Росія захищається,Vox
128,У плани Москви не входить окупація територій України,11,Дії України та Заходу змусили Росію розпочати війну,7,Україна/Захід винні — Росія захищається,Vox
129,"Росія змушена окупувати всю південну Україну, щоб убезпечити Придністров'я",11,Дії України та Заходу змусили Росію розпочати війну,7,Україна/Захід винні — Росія захищається,Vox
130,Росія здійснила вторгнення у повній відповідності до міжнародного права,11,Дії України та Заходу змусили Росію розпочати війну,7,Україна/Захід винні — Росія захищається,Vox
131,Росія повинна покласти край однополярному світовому порядку,11,Дії України та Заходу змусили Росію розпочати війну,7,Україна/Захід винні — Росія захищається,Vox
132,"Росія відновила історичну справедливість, окупувавши українські території",11,Дії України та Заходу змусили Росію розпочати війну,7,Україна/Захід винні — Росія захищається,Vox
133,"Росія була змушена вступити у війну, щоб забезпечити своє існування",11,Дії України та Заходу змусили Росію розпочати війну,7,Україна/Захід винні — Росія захищається,Vox
134,Альянс Білорусі та Росії виник через провокації України та Заходу,11,Дії України та Заходу змусили Росію розпочати війну,7,Україна/Захід винні — Росія захищається,Vox
135,Цілі вторгнення – денацифікація та демілітаризація України,11,Дії України та Заходу змусили Росію розпочати війну,7,Україна/Захід винні — Росія захищається,Vox
136,Країни НАТО нарощували військову присутність в Україні,11,Дії України та Заходу змусили Росію розпочати війну,7,Україна/Захід винні — Росія захищається,Vox
137,Розширення НАТО є екзистенційною загрозою для Росії,11,Дії України та Заходу змусили Росію розпочати війну,7,Україна/Захід винні — Росія захищається,Vox
138,ОБСЄ не виступила посередником у конфлікті й стала на бік України,11,Дії України та Заходу змусили Росію розпочати війну,7,Україна/Захід винні — Росія захищається,Vox
139,"Метою Росії є не окупація України, а лише притягнення її уряду до відповідальності за воєнні злочини",11,Дії України та Заходу змусили Росію розпочати війну,7,Україна/Захід винні — Росія захищається,Vox
140,Революція Гідності була антиросійським державним переворотом,11,Дії України та Заходу змусили Росію розпочати війну,7,Україна/Захід винні — Росія захищається,Vox
141,Російське вторгнення – це гуманітарна інтервенція,11,Дії України та Заходу змусили Росію розпочати війну,7,Україна/Захід винні — Росія захищається,Vox
142,Російське вторгнення – це превентивна війна,11,Дії України та Заходу змусили Росію розпочати війну,7,Україна/Захід винні — Росія захищається,Vox
143,США свідомо розпалювали збройний конфлікт,11,Дії України та Заходу змусили Росію розпочати війну,7,Україна/Захід винні — Росія захищається,Vox
144,Війна почалася через невігластво Заходу,11,Дії України та Заходу змусили Росію розпочати війну,7,Україна/Захід винні — Росія захищається,Vox
145,Захід сформував Україну як антиросію,11,Дії України та Заходу змусили Росію розпочати війну,7,Україна/Захід винні — Росія захищається,Vox
146,Захід обдурив Росію Мінськими домовленостями,11,Дії України та Заходу змусили Росію розпочати війну,7,Україна/Захід винні — Росія захищається,Vox
147,Захід роками провокує цю війну,11,Дії України та Заходу змусили Росію розпочати війну,7,Україна/Захід винні — Росія захищається,Vox
148,Захід перешкодив Україні підписати мирну угоду з Росією,11,Дії України та Заходу змусили Росію розпочати війну,7,Україна/Захід винні — Росія захищається,Vox
149,Захід відкинув російську мирну угоду,11,Дії України та Заходу змусили Росію розпочати війну,7,Україна/Захід винні — Росія захищається,Vox
150,Захід нехтував російськими інтересами з 1991 року,11,Дії України та Заходу змусили Росію розпочати війну,7,Україна/Захід винні — Росія захищається,Vox
151,Україна і Росія несуть однакову відповідальність за розв'язування війни,11,Дії України та Заходу змусили Росію розпочати війну,7,Україна/Захід винні — Росія захищається,Vox
152,Україна вимагає від НАТО ядерного удару по Росії,11,Дії України та Заходу змусили Росію розпочати війну,7,Україна/Захід винні — Росія захищається,Vox
153,Україна не виконала Мінські угоди,11,Дії України та Заходу змусили Росію розпочати війну,7,Україна/Захід винні — Росія захищається,Vox
154,Україна вже 8 років відмовляється від Донбасу і руйнує його,11,Дії України та Заходу змусили Росію розпочати війну,7,Україна/Захід винні — Росія захищається,Vox
155,Україна вбивала цивільних в Одесі та на Донбасі,11,Дії України та Заходу змусили Росію розпочати війну,7,Україна/Захід винні — Росія захищається,Vox
156,Україна повинна стати дружнім сусідом Росії,11,Дії України та Заходу змусили Росію розпочати війну,7,Україна/Захід винні — Росія захищається,Vox
157,Україна відмовилася прийняти нейтральний і позаблоковий статус,11,Дії України та Заходу змусили Росію розпочати війну,7,Україна/Захід винні — Росія захищається,Vox
158,Україна відмовляється від переговорів з Росією,11,Дії України та Заходу змусили Росію розпочати війну,7,Україна/Захід винні — Росія захищається,Vox
159,Україна почала конфлікт до 24 лютого 2022 року і збиралася силою деокупувати території,11,Дії України та Заходу змусили Росію розпочати війну,7,Україна/Захід винні — Росія захищається,Vox
160,Україна збиралася створити чи застосувати зброю масового ураження,11,Дії України та Заходу змусили Росію розпочати війну,7,Україна/Захід винні — Росія захищається,Vox
161,Вступ України до НАТО призведе до світової війни,11,Дії України та Заходу змусили Росію розпочати війну,7,Україна/Захід винні — Росія захищається,Vox
162,Об'єкти енергетичної інфраструктури України є законними військовими цілями,11,Дії України та Заходу змусили Росію розпочати війну,7,Україна/Захід винні — Росія захищається,Vox
163,Український націоналізм призвів до російського вторгнення,11,Дії України та Заходу змусили Росію розпочати війну,7,Україна/Захід винні — Росія захищається,Vox
164,"Росії довелося почати військову операцію, щоб забезпечити водопостачання Криму",11,Дії України та Заходу змусили Росію розпочати війну,7,Україна/Захід винні — Росія захищається,Vox
165,Альянс Китаю і Росії був викликаний провокаціями Заходу,11,Дії України та Заходу змусили Росію розпочати війну,7,Україна/Захід винні — Росія захищається,Vox
166,Антиросійські санкції можуть призвести до голоду в Європі,12,"Підтримка України більше шкодить Заходу, ніж Росії",1,Дискредитація ЕС та заходу,Vox
167,Антиросійські санкції створили ризик голоду в уразливих країнах,12,"Підтримка України більше шкодить Заходу, ніж Росії",1,Дискредитація ЕС та заходу,Vox
168,Антиросійські санкції та ескалація війни можуть призвести до громадянських війн у Європі,12,"Підтримка України більше шкодить Заходу, ніж Росії",1,Дискредитація ЕС та заходу,Vox
169,Антиросійські санкції марні і повинні бути скасовані,12,"Підтримка України більше шкодить Заходу, ніж Росії",1,Дискредитація ЕС та заходу,Vox
170,Антиросійські санкції вигідні лише Сполученим Штатам,12,"Підтримка України більше шкодить Заходу, ніж Росії",1,Дискредитація ЕС та заходу,Vox
171,Антиросійські санкції призведуть до глобальної кризи,12,"Підтримка України більше шкодить Заходу, ніж Росії",1,Дискредитація ЕС та заходу,Vox
172,Економічна криза в Молдові є побічним ефектом антиросійських санкцій,12,"Підтримка України більше шкодить Заходу, ніж Росії",1,Дискредитація ЕС та заходу,Vox
173,Європа бореться з економічною кризою через антиросійські санкції,12,"Підтримка України більше шкодить Заходу, ніж Росії",1,Дискредитація ЕС та заходу,Vox
174,Фінансова підтримка України вдарила по західній економіці,12,"Підтримка України більше шкодить Заходу, ніж Росії",1,Дискредитація ЕС та заходу,Vox
175,Подальша підтримка України затягне конфлікт і кризу,12,"Підтримка України більше шкодить Заходу, ніж Росії",1,Дискредитація ЕС та заходу,Vox
176,"Глобальні проблеми створюють глобалісти, а не Росія",12,"Підтримка України більше шкодить Заходу, ніж Росії",1,Дискредитація ЕС та заходу,Vox
177,Нові санкції проти Росії призведуть до розпаду ЄС,12,"Підтримка України більше шкодить Заходу, ніж Росії",1,Дискредитація ЕС та заходу,Vox
178,Зростання цін у США є наслідком антиросійських санкцій,12,"Підтримка України більше шкодить Заходу, ніж Росії",1,Дискредитація ЕС та заходу,Vox
179,Росія не несе відповідальності за економічну кризу,12,"Підтримка України більше шкодить Заходу, ніж Росії",1,Дискредитація ЕС та заходу,Vox
180,Підтримка України у війні для європейських економік гірша за пандемію,12,"Підтримка України більше шкодить Заходу, ніж Росії",1,Дискредитація ЕС та заходу,Vox
181,Економічна криза змушує Захід шукати компроміс з Росією,12,"Підтримка України більше шкодить Заходу, ніж Росії",1,Дискредитація ЕС та заходу,Vox
182,"Необхідно негайно розпочати мирні переговори, щоб послабити глобальну кризу",12,"Підтримка України більше шкодить Заходу, ніж Росії",1,Дискредитація ЕС та заходу,Vox
183,Російська агресія не є приводом для введення санкцій проти Росії,12,"Підтримка України більше шкодить Заходу, ніж Росії",1,Дискредитація ЕС та заходу,Vox
184,"США надають пріоритет війні в Україні, а не порятунку життів американців",12,"Підтримка України більше шкодить Заходу, ніж Росії",1,Дискредитація ЕС та заходу,Vox
185,"Захід вичерпав свій ресурс, озброївши Україну",12,"Підтримка України більше шкодить Заходу, ніж Росії",1,Дискредитація ЕС та заходу,Vox
186,Україна перешкоджала поставкам з російських трубопроводів і викликала енергетичну кризу в Європі,12,"Підтримка України більше шкодить Заходу, ніж Росії",1,Дискредитація ЕС та заходу,Vox
187,"Західні санкції не змогли дестабілізувати Росію, але завдали величезної шкоди Заходу",12,"Підтримка України більше шкодить Заходу, ніж Росії",1,Дискредитація ЕС та заходу,Vox
188,Європа втратила культурну енергію через підтримку України,12,"Підтримка України більше шкодить Заходу, ніж Росії",1,Дискредитація ЕС та заходу,Vox
189,Під час цієї війни Європа втратила суверенітет,12,"Підтримка України більше шкодить Заходу, ніж Росії",1,Дискредитація ЕС та заходу,Vox
190,Українські військові скаржаться на нестачу постачання,13,Дискредитація української армії,8,Дискредитація України та її інституцій,Vox
191,Українська армія руйнує цивільну інфраструктуру,13,Дискредитація української армії,8,Дискредитація України та її інституцій,Vox
192,Українське командування жорстоко поводиться з солдатами,13,Дискредитація української армії,8,Дискредитація України та її інституцій,Vox
193,Українська армія непрофесійна,13,Дискредитація української армії,8,Дискредитація України та її інституцій,Vox
194,Багато українських військових здаються в полон,13,Дискредитація української армії,8,Дискредитація України та її інституцій,Vox
195,Мобілізація в Україні порушує всі стандарти,13,Дискредитація української армії,8,Дискредитація України та її інституцій,Vox
196,В Україні немає поваги до загиблих воїнів,13,Дискредитація української армії,8,Дискредитація України та її інституцій,Vox
197,Україна мобілізує неповнолітніх,13,Дискредитація української армії,8,Дискредитація України та її інституцій,Vox
198,Українські військові зневажають Коран,13,Дискредитація української армії,8,Дискредитація України та її інституцій,Vox
199,Корупція в політичному та військовому керівництві України,14,Дискредитація чи висміювання представників української влади,8,Дискредитація України та її інституцій,Vox
200,Висміювання представників української влади,14,Дискредитація чи висміювання представників української влади,8,Дискредитація України та її інституцій,Vox
201,Володимир Зеленський втік із Києва,14,Дискредитація чи висміювання представників української влади,8,Дискредитація України та її інституцій,Vox
202,Володимир Зеленський – наркоман,14,Дискредитація чи висміювання представників української влади,8,Дискредитація України та її інституцій,Vox
203,Українська влада затягує війну,14,Дискредитація чи висміювання представників української влади,8,Дискредитація України та її інституцій,Vox
204,Україна веде агресивну політику і погрожує сусіднім країнам,14,Дискредитація чи висміювання представників української влади,8,Дискредитація України та її інституцій,Vox
205,Українська влада приховує правду,14,Дискредитація чи висміювання представників української влади,8,Дискредитація України та її інституцій,Vox
206,Конфлікт військово-політичних еліт України,14,Дискредитація чи висміювання представників української влади,8,Дискредитація України та її інституцій,Vox
207,Українці виступають проти Зеленського,14,Дискредитація чи висміювання представників української влади,8,Дискредитація України та її інституцій,Vox
208,Захід може усунути Зеленського в будь-який момент,14,Дискредитація чи висміювання представників української влади,8,Дискредитація України та її інституцій,Vox
209,Українські військові планували вбити Зеленського,14,Дискредитація чи висміювання представників української влади,8,Дискредитація України та її інституцій,Vox
210,Зеленський хоче пожертвувати українцями заради своїх інтересів,14,Дискредитація чи висміювання представників української влади,8,Дискредитація України та її інституцій,Vox
211,Росія відбудувала окупований Крим,15,Росія допомагає Україні,9,"Наративи про добробут і ""визвольну"" роль Росії",Vox
212,Росія принесла мир на окуповані території,15,Росія допомагає Україні,9,"Наративи про добробут і ""визвольну"" роль Росії",Vox
213,Росія відбудовує зруйнований Маріуполь,15,Росія допомагає Україні,9,"Наративи про добробут і ""визвольну"" роль Росії",Vox
214,Росія допомагає жителям окупованих територій,16,Українці хочуть приєднатися до Росії,9,"Наративи про добробут і ""визвольну"" роль Росії",Vox
215,Росія допомагає фермерам на окупованих територіях,16,Українці хочуть приєднатися до Росії,9,"Наративи про добробут і ""визвольну"" роль Росії",Vox
216,Росія евакуює цивільних з окупованих територій,16,Українці хочуть приєднатися до Росії,9,"Наративи про добробут і ""визвольну"" роль Росії",Vox
217,Українці чекали на російську армію,16,Українці хочуть приєднатися до Росії,9,"Наративи про добробут і ""визвольну"" роль Росії",Vox
218,Українські області прагнули приєднатися до Росії,16,Українці хочуть приєднатися до Росії,9,"Наративи про добробут і ""визвольну"" роль Росії",Vox
219,Українці на окупованих територіях проти повернення української армії,16,Українці хочуть приєднатися до Росії,9,"Наративи про добробут і ""визвольну"" роль Росії",Vox
220,"Донбас і Крим добровільно відокремилися від України, оскільки не прийняли нову владу в 2014 році",16,Українці хочуть приєднатися до Росії,9,"Наративи про добробут і ""визвольну"" роль Росії",Vox
221,Псевдореферендуми на окупованих територіях,16,Українці хочуть приєднатися до Росії,9,"Наративи про добробут і ""визвольну"" роль Росії",Vox
222,Українці добровільно отримують російські паспорти,16,Українці хочуть приєднатися до Росії,9,"Наративи про добробут і ""визвольну"" роль Росії",Vox
223,"Українці вважають, що їх захищає російська армія",16,Українці хочуть приєднатися до Росії,9,"Наративи про добробут і ""визвольну"" роль Росії",Vox
224,«Азов» та інші батальйони — нацисти,17,Нацизм в Україні,8,Дискредитація України та її інституцій,Vox
225,Українська влада — нацистська,17,Нацизм в Україні,8,Дискредитація України та її інституцій,Vox
226,Захід ігнорує/підтримує нацизм в Україні,17,Нацизм в Україні,8,Дискредитація України та її інституцій,Vox
227,В Україні поширена нацистська ідеологія,18,Україна погрожує ядерною катастрофою,7,Україна/Захід винні — Росія захищається,Vox
228,Порівняння України з гітлерівською Німеччиною,18,Україна погрожує ядерною катастрофою,7,Україна/Захід винні — Росія захищається,Vox
229,В Україні поширюється фашизм,18,Україна погрожує ядерною катастрофою,7,Україна/Захід винні — Росія захищається,Vox
230,Київ перешкоджає роботі делегації МАГАТЕ на ЗАЕС,18,Україна погрожує ядерною катастрофою,7,Україна/Захід винні — Росія захищається,Vox
231,Київ зберігає на АЕС важке західне озброєння,18,Україна погрожує ядерною катастрофою,7,Україна/Захід винні — Росія захищається,Vox
232,Росія захищає ЗАЕС,18,Україна погрожує ядерною катастрофою,7,Україна/Захід винні — Росія захищається,Vox
233,Україна влаштовує провокації навколо ЗАЕС,18,Україна погрожує ядерною катастрофою,7,Україна/Захід винні — Росія захищається,Vox
234,Україна готує брудну ядерну бомбу,18,Україна погрожує ядерною катастрофою,7,Україна/Захід винні — Росія захищається,Vox
235,Україна таємно зберігає ядерну зброю,18,Україна погрожує ядерною катастрофою,7,Україна/Захід винні — Росія захищається,Vox
236,Україна обстрілює ЗАЕС,18,Україна погрожує ядерною катастрофою,7,Україна/Захід винні — Росія захищається,Vox
237,Україна хоче створити ядерну зброю,18,Україна погрожує ядерною катастрофою,7,Україна/Захід винні — Росія захищається,Vox
238,Україна готує ядерні провокації,18,Україна погрожує ядерною катастрофою,7,Україна/Захід винні — Росія захищається,Vox
239,Німеччина воює з Росією,19,Росія воює проти Заходу в Україні,1,Дискредитація ЕС та заходу,Vox
240,НАТО бере безпосередню участь у війні в Україні,19,Росія воює проти Заходу в Україні,1,Дискредитація ЕС та заходу,Vox
241,НАТО веде проксі-війну проти Росії в Україні,19,Росія воює проти Заходу в Україні,1,Дискредитація ЕС та заходу,Vox
242,Польща є учасницею війни в Україні,19,Росія воює проти Заходу в Україні,1,Дискредитація ЕС та заходу,Vox
243,"Росія воює з НАТО, а не з Україною",19,Росія воює проти Заходу в Україні,1,Дискредитація ЕС та заходу,Vox
244,Росія воює з Колективним Заходом,19,Росія воює проти Заходу в Україні,1,Дискредитація ЕС та заходу,Vox
245,США беруть участь у війні в Україні,19,Росія воює проти Заходу в Україні,1,Дискредитація ЕС та заходу,Vox
246,Західні країни є сторонами війни через постачання зброї,19,Росія воює проти Заходу в Україні,1,Дискредитація ЕС та заходу,Vox
247,Усі проблеми на європейському континенті породжені англосаксами,20,Захід контролює Україну і використовує її у своїх цілях,4,Захід використовує Україну у своїх цілях,Vox
248,Іноземці із Заходу окупували всі владні структури в Україні,20,Захід контролює Україну і використовує її у своїх цілях,4,Захід використовує Україну у своїх цілях,Vox
249,Джордж Сорос відповідальний за війну в Україні,20,Захід контролює Україну і використовує її у своїх цілях,4,Захід використовує Україну у своїх цілях,Vox
250,Більшість української орної землі продається західним компаніям,20,Захід контролює Україну і використовує її у своїх цілях,4,Захід використовує Україну у своїх цілях,Vox
251,США почали поділ України в 2014 році,20,Захід контролює Україну і використовує її у своїх цілях,4,Захід використовує Україну у своїх цілях,Vox
252,США є єдиним бенефіціаром російсько-української війни,20,Захід контролює Україну і використовує її у своїх цілях,4,Захід використовує Україну у своїх цілях,Vox
253,"США використовують Україну, щоб послабити Європу",20,Захід контролює Україну і використовує її у своїх цілях,4,Захід використовує Україну у своїх цілях,Vox
254,"США підтримують Україну лише тому, що американські корпорації скупили в Україні мільйони гектарів землі",20,Захід контролює Україну і використовує її у своїх цілях,4,Захід використовує Україну у своїх цілях,Vox
255,"Захід вирішує, коли закінчити війну між Україною та Росією",20,Захід контролює Україну і використовує її у своїх цілях,4,Захід використовує Україну у своїх цілях,Vox
256,Заходу байдуже на життя українців,20,Захід контролює Україну і використовує її у своїх цілях,4,Захід використовує Україну у своїх цілях,Vox
257,Захід змушує Україну застосовувати зброю масового ураження,20,Захід контролює Україну і використовує її у своїх цілях,4,Захід використовує Україну у своїх цілях,Vox
258,Захід підживлює українську пропаганду,20,Захід контролює Україну і використовує її у своїх цілях,4,Захід використовує Україну у своїх цілях,Vox
259,Захід свідомо затягує війну заради економічної вигоди,20,Захід контролює Україну і використовує її у своїх цілях,4,Захід використовує Україну у своїх цілях,Vox
260,Захід змушує Україну відмовитися від мирних переговорів і воювати до останнього українця,20,Захід контролює Україну і використовує її у своїх цілях,4,Захід використовує Україну у своїх цілях,Vox
261,Захід причетний до воєнних злочинів України,20,Захід контролює Україну і використовує її у своїх цілях,4,Захід використовує Україну у своїх цілях,Vox
262,Захід не зацікавлений у сильній і незалежній Україні,20,Захід контролює Україну і використовує її у своїх цілях,4,Захід використовує Україну у своїх цілях,Vox
263,Захід використовує Україну для проксі-конфлікту з Росією,20,Захід контролює Україну і використовує її у своїх цілях,4,Захід використовує Україну у своїх цілях,Vox
264,Захід організував в Україні державний переворот у 2014 році,20,Захід контролює Україну і використовує її у своїх цілях,4,Захід використовує Україну у своїх цілях,Vox
265,"Захід скоріше покине Україну, ніж вступить у глобальну війну з Росією",20,Захід контролює Україну і використовує її у своїх цілях,4,Захід використовує Україну у своїх цілях,Vox
266,Захід сприймає Україну як випробувальний полігон,20,Захід контролює Україну і використовує її у своїх цілях,4,Захід використовує Україну у своїх цілях,Vox
267,Захід підтримує нацизм в Україні,20,Захід контролює Україну і використовує її у своїх цілях,4,Захід використовує Україну у своїх цілях,Vox
268,Захід перетворив Україну на антиросію,20,Захід контролює Україну і використовує її у своїх цілях,4,Захід використовує Україну у своїх цілях,Vox
269,Захід перетворить Україну на ще один Афганістан,20,Захід контролює Україну і використовує її у своїх цілях,4,Захід використовує Україну у своїх цілях,Vox
270,Західні еліти є головними бенефіціарами війни,20,Захід контролює Україну і використовує її у своїх цілях,4,Захід використовує Україну у своїх цілях,Vox
271,Підтримка Заходу призвела до послаблення або знищення України,20,Захід контролює Україну і використовує її у своїх цілях,4,Захід використовує Україну у своїх цілях,Vox
272,Україна є полігоном для експерименту західних корпорацій,20,Захід контролює Україну і використовує її у своїх цілях,4,Захід використовує Україну у своїх цілях,Vox
273,Україна для Заходу є інструментом побудови нового світового порядку,20,Захід контролює Україну і використовує її у своїх цілях,4,Захід використовує Україну у своїх цілях,Vox
274,Україна є інструментом Сполучених Штатів,20,Захід контролює Україну і використовує її у своїх цілях,4,Захід використовує Україну у своїх цілях,Vox
275,Україна окупована НАТО,20,Захід контролює Україну і використовує її у своїх цілях,4,Захід використовує Україну у своїх цілях,Vox
276,Україна готова пожертвувати українцями заради західних цілей,20,Захід контролює Україну і використовує її у своїх цілях,4,Захід використовує Україну у своїх цілях,Vox
277,Україна продала свою незалежність глобалістам,20,Захід контролює Україну і використовує її у своїх цілях,4,Захід використовує Україну у своїх цілях,Vox
278,Україна здає свій суверенітет Заходу,20,Захід контролює Україну і використовує її у своїх цілях,4,Захід використовує Україну у своїх цілях,Vox
279,Україну продали в обмін на обіцянки членства в ЄС і НАТО,20,Захід контролює Україну і використовує її у своїх цілях,4,Захід використовує Україну у своїх цілях,Vox
280,Україна після війни стане американською колонією,20,Захід контролює Україну і використовує її у своїх цілях,4,Захід використовує Україну у своїх цілях,Vox
281,Без допомоги США Україна відразу впаде,20,Захід контролює Україну і використовує її у своїх цілях,4,Захід використовує Україну у своїх цілях,Vox
282,Україна продасть свої території країнам Заходу,20,Захід контролює Україну і використовує її у своїх цілях,4,Захід використовує Україну у своїх цілях,Vox
283,Українські лідери є пішаками в руках Заходу,20,Захід контролює Україну і використовує її у своїх цілях,4,Захід використовує Україну у своїх цілях,Vox
284,Українські військові операції планують та підтримують в країнах Заходу,20,Захід контролює Україну і використовує її у своїх цілях,4,Захід використовує Україну у своїх цілях,Vox
285,Українці – жертви західної політики,20,Захід контролює Україну і використовує її у своїх цілях,4,Захід використовує Україну у своїх цілях,Vox
286,Євроінтеграція України — це колонізація,20,Захід контролює Україну і використовує її у своїх цілях,4,Захід використовує Україну у своїх цілях,Vox
287,Захід загострює війну в Україні,20,Захід контролює Україну і використовує її у своїх цілях,4,Захід використовує Україну у своїх цілях,Vox
288,Захід скоріше покине Україну,20,Захід контролює Україну і використовує її у своїх цілях,4,Захід використовує Україну у своїх цілях,Vox
289,Захід використовує Україну для приватизації її власності,20,Захід контролює Україну і використовує її у своїх цілях,4,Захід використовує Україну у своїх цілях,Vox
290,Повернення всіх окупованих територій – це нереальна мета,21,Перемога України неможлива,2,Підрив віри в перемогу України,Vox
291,Перемога Росії неминуча,21,Перемога України неможлива,2,Підрив віри в перемогу України,Vox
292,"США визнають, що Україна не має шансів на перемогу",21,Перемога України неможлива,2,Підрив віри в перемогу України,Vox
293,Підтримка України США посилить могутність Росії,21,Перемога України неможлива,2,Підрив віри в перемогу України,Vox
294,Підтримка Заходу лише відтягує поразку України,21,Перемога України неможлива,2,Підрив віри в перемогу України,Vox
295,Україна повністю вичерпала свої арсенали,21,Перемога України неможлива,2,Підрив віри в перемогу України,Vox
296,"Україна втрачає набагато більше військових, ніж Росія",21,Перемога України неможлива,2,Підрив віри в перемогу України,Vox
297,Україна на межі повного краху,21,Перемога України неможлива,2,Підрив віри в перемогу України,Vox
298,Україна не переживе зими,21,Перемога України неможлива,2,Підрив віри в перемогу України,Vox
299,Моральний дух українців падає,21,Перемога України неможлива,2,Підрив віри в перемогу України,Vox
300,Український наступ провалився,21,Перемога України неможлива,2,Підрив віри в перемогу України,Vox
301,Захід готується до поразки України,21,Перемога України неможлива,2,Підрив віри в перемогу України,Vox
302,"Україна не може перемогти, інакше Росія застосує ядерну зброю",21,Перемога України неможлива,2,Підрив віри в перемогу України,Vox
303,Україна влаштовує теракти на своїй і російській території,22,Україна — терористична держава,8,Дискредитація України та її інституцій,Vox
304,"Україна використала ""зерновий коридор"" для атаки терористів на Чорноморський флот",22,Україна — терористична держава,8,Дискредитація України та її інституцій,Vox
305,Напад України на Кримський міст був терористичним актом,22,Україна — терористична держава,8,Дискредитація України та її інституцій,Vox
306,Захід підтримує терористичні методи України,22,Україна — терористична держава,8,Дискредитація України та її інституцій,Vox
307,"Оскільки Україна є терористичною державою, з нею неможливо вести переговори",22,Україна — терористична держава,8,Дискредитація України та її інституцій,Vox
308,Україна використовує терористичні методи з 2014 року,22,Україна — терористична держава,8,Дискредитація України та її інституцій,Vox
309,Україна тримає в заручниках мирне населення,22,Україна — терористична держава,8,Дискредитація України та її інституцій,Vox
310,Україна є державою-спонсором тероризму,22,Україна — терористична держава,8,Дискредитація України та її інституцій,Vox
311,«Азов» — терористична організація,22,Україна — терористична держава,8,Дискредитація України та її інституцій,Vox
312,Росія має право помститися Україні за теракти,22,Україна — терористична держава,8,Дискредитація України та її інституцій,Vox
313,Україна вчиняє теракти в Європі,22,Україна — терористична держава,8,Дискредитація України та її інституцій,Vox
314,Знищення Каховської ГЕС — це український теракт,22,Україна — терористична держава,8,Дискредитація України та її інституцій,Vox
315,Росія не вбивала мирних жителів ТЦ у Кременчуці,23,Росія не вчиняє воєнних злочинів в Україні,7,Україна/Захід винні — Росія захищається,Vox
316,Україна інсценовує російські воєнні злочини в Україні,23,Росія не вчиняє воєнних злочинів в Україні,7,Україна/Захід винні — Росія захищається,Vox
317,Російські звірства в Бучі були інсценовані українською владою,23,Росія не вчиняє воєнних злочинів в Україні,7,Україна/Захід винні — Росія захищається,Vox
318,"Росія завдає ударів по військових цілях, а не по цивільних",23,Росія не вчиняє воєнних злочинів в Україні,7,Україна/Захід винні — Росія захищається,Vox
319,"Маріуполь знищила Україна, а не Росія",23,Росія не вчиняє воєнних злочинів в Україні,7,Україна/Захід винні — Росія захищається,Vox
320,Україна зруйнувала в'язницю з військовополоненими в Оленівці,23,Росія не вчиняє воєнних злочинів в Україні,7,Україна/Захід винні — Росія захищається,Vox
321,"Росія не завдавала ударів по вокзалу в Краматорську ""Точкою У""",23,Росія не вчиняє воєнних злочинів в Україні,7,Україна/Захід винні — Росія захищається,Vox
322,Російська армія не вчиняє злочинів сексуального насильства,23,Росія не вчиняє воєнних злочинів в Україні,7,Україна/Захід винні — Росія захищається,Vox
323,Міста Донецької та Луганської областей знищує Україна,23,Росія не вчиняє воєнних злочинів в Україні,7,Україна/Захід винні — Росія захищається,Vox
324,"Цивільну інфраструктуру в Україні руйнують українські ракети ППО, а не російські удари",23,Росія не вчиняє воєнних злочинів в Україні,7,Україна/Захід винні — Росія захищається,Vox
325,"MH-17 збила Україна, а не Росія",23,Росія не вчиняє воєнних злочинів в Україні,7,Україна/Захід винні — Росія захищається,Vox
326,Росія не руйнувала Каховську ГЕС,23,Росія не вчиняє воєнних злочинів в Україні,7,Україна/Захід винні — Росія захищається,Vox
327,Депортація українських дітей до Росії не є воєнним злочином,23,Росія не вчиняє воєнних злочинів в Україні,7,Україна/Захід винні — Росія захищається,Vox
328,Депортація українських дітей до Росії не є військовим злочином,23,Росія не вчиняє воєнних злочинів в Україні,7,Україна/Захід винні — Росія захищається,Vox
329,США переконали українських лідерів відмовитись від компромісу з Росією,24,Україна і Захід відмовляються починати мирні переговори,7,Україна/Захід винні — Росія захищається,Vox
330,Захід повинен переконати Україну погодитися на переговори,24,Україна і Захід відмовляються починати мирні переговори,7,Україна/Захід винні — Росія захищається,Vox
331,Захід відмовляється від мирних переговорів,24,Україна і Захід відмовляються починати мирні переговори,7,Україна/Захід винні — Росія захищається,Vox
332,"Україна не заслуговує на підтримку, бо відмовилася від переговорів",24,Україна і Захід відмовляються починати мирні переговори,7,Україна/Захід винні — Росія захищається,Vox
333,"Україна рухається до ескалації, а не до вирішення конфлікту",24,Україна і Захід відмовляються починати мирні переговори,7,Україна/Захід винні — Росія захищається,Vox
334,Україна повинна прийняти нейтральний і демілітаризований статус,24,Україна і Захід відмовляються починати мирні переговори,7,Україна/Захід винні — Росія захищається,Vox
335,Україна повинна негайно розпочати мирні переговори та піти на компроміс із Росією,24,Україна і Захід відмовляються починати мирні переговори,7,Україна/Захід винні — Росія захищається,Vox
336,"На відміну від України, Росія демонструє готовність до переговорів",24,Україна і Захід відмовляються починати мирні переговори,7,Україна/Захід винні — Росія захищається,Vox
337,"Захід тиснув на Україну, щоб вона відмовилася від мирних переговорів",24,Україна і Захід відмовляються починати мирні переговори,7,Україна/Захід винні — Росія захищається,Vox
338,Українська армія свідомо обстрілює мирних жителів,25,Українська армія скоює воєнні злочини,8,Дискредитація України та її інституцій,Vox
339,Україна обстрілює цивільну інфраструктуру,25,Українська армія скоює воєнні злочини,8,Дискредитація України та її інституцій,Vox
340,Україна жорстоко поводиться з військовополоненими,25,Українська армія скоює воєнні злочини,8,Дискредитація України та її інституцій,Vox
341,Українська армія використовує заборонені боєприпаси,25,Українська армія скоює воєнні злочини,8,Дискредитація України та її інституцій,Vox
342,Українські військові катують або страчують мирних жителів,25,Українська армія скоює воєнні злочини,8,Дискредитація України та її інституцій,Vox
343,Українська армія бере в заручники мирних жителів,25,Українська армія скоює воєнні злочини,8,Дискредитація України та її інституцій,Vox
344,Українські війська облаштовують позиції в житлових кварталах або іншим чином використовують мирних жителів як «живий щит»,25,Українська армія скоює воєнні злочини,8,Дискредитація України та її інституцій,Vox
345,Українська армія перешкоджає евакуації мирних жителів,25,Українська армія скоює воєнні злочини,8,Дискредитація України та її інституцій,Vox
346,Україна влаштовує провокації із застосуванням хімічних речовин,25,Українська армія скоює воєнні злочини,8,Дискредитація України та її інституцій,Vox
347,Україна вбиває мирних жителів ракетами ППО,25,Українська армія скоює воєнні злочини,8,Дискредитація України та її інституцій,Vox
348,Україна вбиває своїх солдатів,25,Українська армія скоює воєнні злочини,8,Дискредитація України та її інституцій,Vox
349,"В Україні панує диктатура, заборонені всі опозиційні партії та ЗМІ",26,Україна — не демократія,8,Дискредитація України та її інституцій,Vox
350,В Україні утискається свобода преси,26,Україна — не демократія,8,Дискредитація України та її інституцій,Vox
351,В Україні саджають за російську музику,26,Україна — не демократія,8,Дискредитація України та її інституцій,Vox
352,В Україні придушується російська мова,26,Україна — не демократія,8,Дискредитація України та її інституцій,Vox
353,Україна не є демократичною з 2014 року,26,Україна — не демократія,8,Дискредитація України та її інституцій,Vox
354,Україна незаконно переслідує православну церкву,26,Україна — не демократія,8,Дискредитація України та її інституцій,Vox
355,Україна порушує права національних меншин,26,Україна — не демократія,8,Дискредитація України та її інституцій,Vox
356,Україна — недемократична країна,26,Україна — не демократія,8,Дискредитація України та її інституцій,Vox
357,Україна скочується до нацистської диктатури,26,Україна — не демократія,8,Дискредитація України та її інституцій,Vox
358,Україна репресує власних громадян під приводом боротьби з колаборантами,26,Україна — не демократія,8,Дискредитація України та її інституцій,Vox
359,Західна демократія в Україні впроваджувалася недемократичними методами,26,Україна — не демократія,8,Дискредитація України та її інституцій,Vox
360,Зеленський встановив авторитарний режим,26,Україна — не демократія,8,Дискредитація України та її інституцій,Vox
361,Російська культура має перевагу над західною,27,Дискредитація ЕС та заходу,1,Дискредитація ЕС та заходу,Annotators
362,Агресивний захід,27,Дискредитація ЕС та заходу,1,Дискредитація ЕС та заходу,Annotators
363,Загніваючий захід,27,Дискредитація ЕС та заходу,1,Дискредитація ЕС та заходу,Annotators
364,Глобальний південь не підкоряється імперіалістичним зазіханням Америки,27,Дискредитація ЕС та заходу,1,Дискредитація ЕС та заходу,Annotators
365,Лицемірство заходу,27,Дискредитація ЕС та заходу,1,Дискредитація ЕС та заходу,Annotators
366,Дискредитація ЕС та заходу,27,Дискредитація ЕС та заходу,1,Дискредитація ЕС та заходу,Annotators
367,Щасливі люди на окупованих територіях,28,Росія покращує життя на окупованих територіях,9,"Наративи про добробут і ""визвольну"" роль Росії",Annotators
368,Росія піклується про окуповані території,28,Росія покращує життя на окупованих територіях,9,"Наративи про добробут і ""визвольну"" роль Росії",Annotators
369,Інтеграція українських земель успішна,28,Росія покращує життя на окупованих територіях,9,"Наративи про добробут і ""визвольну"" роль Росії",Annotators
370,Україна нікому не потрібна,29,Україна залишилась сама і програє,2,Підрив віри в перемогу України,Annotators
371,Росія має домінувати над іншими,29,Україна залишилась сама і програє,2,Підрив віри в перемогу України,Annotators
372,Партнери кинули Україну,29,Україна залишилась сама і програє,2,Підрив віри в перемогу України,Annotators
373,Пострадянські країни корумповані,30,Пострадянські країни корумповані,6,Наратив щодо історичних подій,Annotators
374,Залякування населення окупованих територій,31,Залякування населення окупованих територій,2,Підрив віри в перемогу України,Annotators
375,росія перемагає,32,У Росії все добре ,9,"Наративи про добробут і ""визвольну"" роль Росії",Annotators
376,Участь росіян в війні їм на користь,32,У Росії все добре ,9,"Наративи про добробут і ""визвольну"" роль Росії",Annotators
377,у росії все під контролем,32,У Росії все добре ,9,"Наративи про добробут і ""визвольну"" роль Росії",Annotators
378,росія високотехнологічна держава,32,У Росії все добре ,9,"Наративи про добробут і ""визвольну"" роль Росії",Annotators
379,Молодь росії здорова та спортивна,32,У Росії все добре ,9,"Наративи про добробут і ""визвольну"" роль Росії",Annotators
380,"росіяни сміливі, безстрашні",32,У Росії все добре ,9,"Наративи про добробут і ""визвольну"" роль Росії",Annotators